"Tarih","Şimdi","Açılış","Yüksek","Düşük","Hac.","Fark %"
"31.12.2019","5,9479","5,9478","5,9529","5,9399","31,00K","0,06%"
"30.12.2019","5,9441","5,9493","5,9527","5,9350","38,96K","-0,09%"
"27.12.2019","5,9492","5,9335","5,9617","5,9257","50,76K","0,35%"
"26.12.2019","5,9286","5,9335","5,9455","5,9284","37,19K","-0,09%"
"25.12.2019","5,9340","5,9469","5,9504","5,9290","7,46K","-0,20%"
"24.12.2019","5,9458","5,9482","5,9567","5,9290","33,24K","-0,02%"
"23.12.2019","5,9471","5,9388","5,9524","5,9165","39,70K","0,19%"
"20.12.2019","5,9356","5,9417","5,9448","5,9001","45,47K","-0,04%"
"19.12.2019","5,9380","5,9267","5,9457","5,9000","55,38K","0,27%"
"18.12.2019","5,9219","5,8861","5,9323","5,8829","49,87K","0,68%"
"17.12.2019","5,8819","5,8501","5,8910","5,8429","49,71K","0,62%"
"16.12.2019","5,8454","5,8081","5,8597","5,8027","55,17K","0,66%"
"13.12.2019","5,8072","5,7906","5,8268","5,7670","51,86K","0,32%"
"12.12.2019","5,7889","5,8079","5,8131","5,7603","55,85K","-0,30%"
"11.12.2019","5,8064","5,8060","5,8195","5,7916","48,80K","0,06%"
"10.12.2019","5,8027","5,8112","5,8197","5,7876","53,92K","-0,08%"
"09.12.2019","5,8074","5,7758","5,8178","5,7712","55,61K","0,55%"
"06.12.2019","5,7756","5,7485","5,7906","5,7378","48,98K","0,55%"
"05.12.2019","5,7441","5,7455","5,7700","5,7358","54,61K","-0,06%"
"04.12.2019","5,7474","5,7420","5,7624","5,7302","50,14K","0,11%"
"03.12.2019","5,7410","5,7414","5,7664","5,7257","51,42K","0,05%"
"02.12.2019","5,7382","5,7465","5,7655","5,7302","50,56K","-0,14%"
"29.11.2019","5,7460","5,7575","5,7984","5,7343","48,33K","-0,08%"
"28.11.2019","5,7505","5,7769","5,7852","5,7510","59,20K","-0,46%"
"27.11.2019","5,7769","5,7599","5,7923","5,7480","53,18K","0,37%"
"26.11.2019","5,7556","5,7422","5,7712","5,7315","64,12K","0,39%"
"25.11.2019","5,7333","5,7173","5,7599","5,6993","56,06K","0,37%"
"22.11.2019","5,7122","5,6940","5,7255","5,6875","49,60K","0,36%"
"21.11.2019","5,6915","5,6997","5,7116","5,6813","56,25K","-0,01%"
"20.11.2019","5,6921","5,6993","5,7239","5,6825","64,53K","-0,10%"
"19.11.2019","5,6980","5,7364","5,7471","5,6929","53,79K","-0,61%"
"18.11.2019","5,7328","5,7434","5,7570","5,7165","56,42K","-0,20%"
"15.11.2019","5,7443","5,7471","5,7709","5,7351","54,68K","-0,01%"
"14.11.2019","5,7446","5,7401","5,7822","5,7361","58,00K","0,09%"
"13.11.2019","5,7393","5,7775","5,7834","5,7308","47,21K","-0,65%"
"12.11.2019","5,7766","5,7731","5,7844","5,7593","45,70K","0,14%"
"11.11.2019","5,7683","5,7671","5,7973","5,7583","43,18K","0,04%"
"08.11.2019","5,7658","5,7515","5,7716","5,7380","43,09K","0,32%"
"07.11.2019","5,7474","5,7504","5,7651","5,7301","55,90K","0,02%"
"06.11.2019","5,7460","5,7534","5,7737","5,7422","57,97K","-0,05%"
"05.11.2019","5,7488","5,7387","5,7642","5,7140","56,51K","0,19%"
"04.11.2019","5,7377","5,7085","5,7420","5,6790","52,77K","0,68%"
"01.11.2019","5,6989","5,7136","5,7410","5,6953","53,07K","-0,13%"
"31.10.2019","5,7065","5,7017","5,7283","5,6950","61,60K","0,10%"
"30.10.2019","5,7010","5,7380","5,7727","5,6950","46,89K","-0,56%"
"29.10.2019","5,7333","5,7312","5,7642","5,7145","36,75K","0,09%"
"28.10.2019","5,7281","5,7746","5,7771","5,7124","45,06K","-0,79%"
"25.10.2019","5,7738","5,7648","5,7926","5,7508","46,04K","0,21%"
"24.10.2019","5,7615","5,7351","5,7807","5,7265","60,55K","0,52%"
"23.10.2019","5,7317","5,8085","5,8212","5,7234","57,10K","-1,28%"
"22.10.2019","5,8059","5,8581","5,8645","5,7853","55,79K","-0,83%"
"21.10.2019","5,8544","5,7920","5,8678","5,7783","57,35K","1,10%"
"18.10.2019","5,7909","5,8297","5,8340","5,7473","61,33K","-0,65%"
"17.10.2019","5,8289","5,8871","5,9325","5,8147","55,25K","-0,97%"
"16.10.2019","5,8860","5,9163","5,9343","5,8696","62,94K","-0,35%"
"15.10.2019","5,9068","5,9272","5,9364","5,8555","62,35K","-0,33%"
"14.10.2019","5,9261","5,8852","5,9416","5,8851","54,26K","0,73%"
"11.10.2019","5,8833","5,8369","5,9003","5,8095","54,27K","0,88%"
"10.10.2019","5,8320","5,8708","5,9018","5,8149","58,35K","-0,61%"
"09.10.2019","5,8679","5,8320","5,8782","5,8130","53,71K","0,73%"
"08.10.2019","5,8251","5,8327","5,8476","5,7772","52,72K","-0,11%"
"07.10.2019","5,8318","5,7140","5,8466","5,6980","54,95K","2,40%"
"04.10.2019","5,6952","5,6955","5,7148","5,6753","45,38K","0,10%"
"03.10.2019","5,6896","5,7010","5,7162","5,6635","53,73K","-0,09%"
"02.10.2019","5,6946","5,7231","5,7599","5,6929","55,57K","-0,48%"
"01.10.2019","5,7221","5,6494","5,7330","5,6398","58,42K","1,31%"
"30.09.2019","5,6479","5,6708","5,6806","5,6330","51,66K","-0,39%"
"27.09.2019","5,6698","5,6667","5,6900","5,6450","50,61K","0,14%"
"26.09.2019","5,6617","5,6700","5,6985","5,6427","49,92K","-0,11%"
"25.09.2019","5,6681","5,6978","5,7144","5,6663","48,54K","-0,50%"
"24.09.2019","5,6963","5,7176","5,7235","5,6673","49,92K","-0,33%"
"23.09.2019","5,7149","5,7432","5,7472","5,7087","47,75K","-0,49%"
"20.09.2019","5,7429","5,7186","5,7527","5,6788","49,43K","0,49%"
"19.09.2019","5,7148","5,6771","5,7236","5,6677","58,66K","0,75%"
"18.09.2019","5,6720","5,7014","5,7104","5,6535","54,34K","-0,42%"
"17.09.2019","5,6962","5,7288","5,7428","5,6877","62,06K","-0,49%"
"16.09.2019","5,7245","5,6858","5,7446","5,6857","62,75K","0,69%"
"13.09.2019","5,6851","5,6595","5,6965","5,6491","50,85K","0,64%"
"12.09.2019","5,6491","5,7495","5,7726","5,6501","60,76K","-1,68%"
"11.09.2019","5,7456","5,7682","5,7944","5,7417","49,46K","-0,32%"
"10.09.2019","5,7641","5,7499","5,7896","5,7404","50,60K","0,28%"
"09.09.2019","5,7479","5,7147","5,7670","5,6978","46,07K","0,58%"
"06.09.2019","5,7145","5,6916","5,7301","5,6782","49,08K","0,53%"
"05.09.2019","5,6846","5,6678","5,7031","5,6435","55,34K","0,33%"
"04.09.2019","5,6660","5,7294","5,7354","5,6450","51,04K","-1,09%"
"03.09.2019","5,7283","5,8074","5,8253","5,7195","57,45K","-1,31%"
"02.09.2019","5,8044","5,8316","5,8440","5,7925","37,66K","-0,43%"
"30.08.2019","5,8296","5,8390","5,8533","5,8153","38,06K","-0,16%"
"29.08.2019","5,8390","5,8150","5,8501","5,8005","51,60K","0,50%"
"28.08.2019","5,8101","5,8283","5,8415","5,7886","54,58K","-0,20%"
"27.08.2019","5,8218","5,8249","5,8608","5,7955","54,30K","0,03%"
"26.08.2019","5,8201","5,7612","5,8495","5,7606","52,36K","1,06%"
"23.08.2019","5,7589","5,7689","5,7804","5,7302","51,93K","-0,15%"
"22.08.2019","5,7678","5,7175","5,7934","5,7075","56,89K","1,02%"
"21.08.2019","5,7094","5,7343","5,7419","5,6995","62,00K","-0,30%"
"20.08.2019","5,7265","5,6607","5,7512","5,6367","68,48K","1,30%"
"19.08.2019","5,6528","5,5792","5,6741","5,5578","56,99K","1,35%"
"16.08.2019","5,5775","5,5680","5,5880","5,5245","53,50K","0,24%"
"15.08.2019","5,5642","5,6127","5,6196","5,5406","66,45K","-0,83%"
"14.08.2019","5,6105","5,5608","5,6313","5,5577","46,27K","0,93%"
"13.08.2019","5,5588","5,5642","5,6369","5,5470","48,19K","-0,01%"
"12.08.2019","5,5593","5,4914","5,5757","5,4886","38,68K","1,25%"
"09.08.2019","5,4907","5,4760","5,5147","5,4503","53,99K","0,39%"
"08.08.2019","5,4691","5,4940","5,5174","5,4463","56,84K","-0,40%"
"07.08.2019","5,4910","5,5208","5,5347","5,4583","70,12K","-0,49%"
"06.08.2019","5,5182","5,5668","5,5958","5,5052","71,48K","-0,94%"
"05.08.2019","5,5705","5,5600","5,6231","5,5274","71,31K","0,21%"
"02.08.2019","5,5587","5,6041","5,6264","5,5448","59,16K","-0,77%"
"01.08.2019","5,6019","5,5813","5,6297","5,5545","71,77K","0,30%"
"31.07.2019","5,5854","5,5594","5,6225","5,5080","65,17K","0,53%"
"30.07.2019","5,5558","5,6144","5,6245","5,5445","62,95K","-0,96%"
"29.07.2019","5,6098","5,6718","5,6743","5,5953","56,78K","-1,08%"
"26.07.2019","5,6708","5,7035","5,7106","5,6065","61,59K","-0,54%"
"25.07.2019","5,7017","5,7086","5,7770","5,6459","69,19K","-0,05%"
"24.07.2019","5,7046","5,7180","5,7393","5,6922","61,54K","-0,21%"
"23.07.2019","5,7168","5,6795","5,7279","5,6651","64,26K","0,74%"
"22.07.2019","5,6750","5,6525","5,6976","5,6395","61,18K","0,39%"
"19.07.2019","5,6531","5,6186","5,6781","5,6125","63,94K","0,70%"
"18.07.2019","5,6136","5,6842","5,7137","5,6120","73,90K","-1,18%"
"17.07.2019","5,6806","5,7127","5,7218","5,6705","64,88K","-0,53%"
"16.07.2019","5,7108","5,7149","5,7274","5,6900","65,99K","-0,01%"
"15.07.2019","5,7116","5,7198","5,7357","5,6957","60,04K","0,06%"
"12.07.2019","5,7081","5,6737","5,7802","5,6563","74,06K","0,66%"
"11.07.2019","5,6704","5,6752","5,7030","5,6493","72,53K","0,00%"
"10.07.2019","5,6702","5,7307","5,7596","5,6663","68,29K","-1,02%"
"09.07.2019","5,7287","5,7366","5,7519","5,6807","65,69K","-0,12%"
"08.07.2019","5,7357","5,6295","5,7948","5,6294","66,57K","1,92%"
"05.07.2019","5,6278","5,5952","5,6471","5,5845","58,69K","0,60%"
"04.07.2019","5,5943","5,6243","5,6286","5,5780","60,79K","-0,41%"
"03.07.2019","5,6171","5,6564","5,6670","5,6007","60,38K","-0,56%"
"02.07.2019","5,6485","5,6501","5,7037","5,6205","74,55K","0,10%"
"01.07.2019","5,6431","5,7920","5,7920","5,6180","73,33K","-2,49%"
"28.06.2019","5,7873","5,7723","5,8012","5,7393","55,96K","0,30%"
"27.06.2019","5,7698","5,7753","5,7966","5,7540","55,24K","-0,04%"
"26.06.2019","5,7719","5,7947","5,8181","5,7453","65,08K","-0,38%"
"25.06.2019","5,7939","5,8089","5,8338","5,7515","60,29K","-0,24%"
"24.06.2019","5,8080","5,8213","5,8341","5,7025","66,61K","-0,21%"
"21.06.2019","5,8204","5,7643","5,8407","5,7513","63,92K","1,05%"
"20.06.2019","5,7600","5,7913","5,9022","5,7232","59,71K","-0,40%"
"19.06.2019","5,7833","5,8279","5,9190","5,7842","66,51K","-0,67%"
"18.06.2019","5,8225","5,8735","5,8826","5,8114","61,35K","-0,79%"
"17.06.2019","5,8687","5,8990","5,9291","5,8485","59,04K","-0,54%"
"14.06.2019","5,9005","5,8685","5,9338","5,8490","62,19K","0,66%"
"13.06.2019","5,8619","5,8073","5,9046","5,8018","63,64K","0,95%"
"12.06.2019","5,8070","5,7977","5,8327","5,7610","62,56K","0,21%"
"11.06.2019","5,7946","5,7816","5,8457","5,7483","62,61K","0,36%"
"10.06.2019","5,7737","5,8324","5,8633","5,7568","67,09K","-0,97%"
"07.06.2019","5,8300","5,7800","5,8721","5,7755","56,58K","0,94%"
"06.06.2019","5,7759","5,7300","5,8074","5,7126","46,08K","0,80%"
"05.06.2019","5,7300","5,7827","5,7912","5,6659","40,68K","-0,77%"
"04.06.2019","5,7746","5,8343","5,8679","5,7459","45,43K","-0,94%"
"03.06.2019","5,8293","5,8399","5,8942","5,8234","52,52K","-0,14%"
"31.05.2019","5,8372","5,8793","5,9262","5,8144","68,17K","-0,64%"
"30.05.2019","5,8746","6,0111","6,0299","5,8550","67,09K","-2,24%"
"29.05.2019","6,0090","6,0317","6,0594","5,9950","63,42K","-0,30%"
"28.05.2019","6,0271","6,0608","6,0846","5,9833","63,98K","-0,48%"
"27.05.2019","6,0560","6,0844","6,1104","6,0272","44,35K","-0,42%"
"24.05.2019","6,0815","6,0963","6,1297","6,0430","68,43K","-0,23%"
"23.05.2019","6,0954","6,0956","6,1545","6,0879","71,35K","0,07%"
"22.05.2019","6,0910","6,0524","6,1225","6,0459","68,54K","0,65%"
"21.05.2019","6,0515","6,0287","6,0907","6,0094","62,15K","0,54%"
"20.05.2019","6,0189","6,0558","6,0837","5,9963","60,63K","-0,58%"
"17.05.2019","6,0540","6,0465","6,0964","6,0240","62,11K","0,21%"
"16.05.2019","6,0415","6,0009","6,0543","5,9919","62,61K","0,74%"
"15.05.2019","5,9973","6,0311","6,0894","5,9882","65,64K","-0,46%"
"14.05.2019","6,0249","6,0594","6,1143","5,9805","61,86K","-0,50%"
"13.05.2019","6,0552","6,0032","6,1335","5,9570","73,33K","1,33%"
"10.05.2019","5,9757","6,1928","6,2069","5,9561","72,58K","-3,47%"
"09.05.2019","6,1907","6,1837","6,2478","6,1543","74,97K","0,12%"
"08.05.2019","6,1835","6,1500","6,2001","6,1415","62,71K","0,54%"
"07.05.2019","6,1501","6,0805","6,2000","6,0743","68,23K","1,20%"
"06.05.2019","6,0769","5,9640","6,1517","5,9640","59,69K","2,08%"
"03.05.2019","5,9531","5,9649","5,9843","5,9528","57,69K","-0,17%"
"02.05.2019","5,9635","5,9671","5,9850","5,9494","60,89K","-0,01%"
"01.05.2019","5,9640","5,9659","5,9701","5,9356","40,06K","0,04%"
"30.04.2019","5,9617","5,9486","5,9858","5,9278","60,05K","0,28%"
"29.04.2019","5,9448","5,9318","5,9630","5,9152","54,97K","0,13%"
"26.04.2019","5,9372","5,9276","5,9732","5,9145","65,04K","0,22%"
"25.04.2019","5,9243","5,8735","5,9823","5,8650","66,46K","0,92%"
"24.04.2019","5,8705","5,8284","5,8943","5,8229","67,61K","0,73%"
"23.04.2019","5,8277","5,8273","5,8540","5,8094","48,98K","0,03%"
"22.04.2019","5,8262","5,8112","5,8615","5,8064","43,30K","0,28%"
"19.04.2019","5,8102","5,8001","5,8404","5,7758","33,63K","0,27%"
"18.04.2019","5,7945","5,7389","5,8538","5,7362","69,73K","1,01%"
"17.04.2019","5,7367","5,7719","5,7966","5,6965","68,22K","-0,51%"
"16.04.2019","5,7662","5,8042","5,8316","5,7368","64,51K","-0,58%"
"15.04.2019","5,7997","5,7643","5,8272","5,7590","55,71K","0,54%"
"12.04.2019","5,7683","5,7380","5,8305","5,7092","62,60K","0,59%"
"11.04.2019","5,7342","5,6812","5,7625","5,6676","62,89K","0,94%"
"10.04.2019","5,6808","5,6942","5,7292","5,6623","59,13K","-0,17%"
"09.04.2019","5,6906","5,6897","5,7337","5,6347","52,74K","0,02%"
"08.04.2019","5,6893","5,6261","5,7465","5,6175","61,70K","1,14%"
"05.04.2019","5,6252","5,5923","5,6514","5,5582","65,07K","0,66%"
"04.04.2019","5,5881","5,6262","5,6666","5,5460","59,85K","-0,60%"
"03.04.2019","5,6221","5,6050","5,6751","5,5672","54,62K","0,32%"
"02.04.2019","5,6040","5,4865","5,6815","5,4760","56,02K","2,16%"
"01.04.2019","5,4853","5,5705","5,7135","5,4175","49,43K","-1,00%"
"29.03.2019","5,5405","5,5586","5,6826","5,5470","54,93K","-0,10%"
"28.03.2019","5,5460","5,3322","5,6547","5,3317","60,21K","4,12%"
"27.03.2019","5,3268","5,3393","5,4712","5,2758","23,47K","0,00%"
"26.03.2019","5,3269","5,5506","5,5949","5,3018","66,93K","-4,01%"
"25.03.2019","5,5493","5,7631","5,7736","5,5442","67,24K","-3,69%"
"22.03.2019","5,7617","5,4654","5,8486","5,4505","73,16K","5,50%"
"21.03.2019","5,4612","5,4215","5,4809","5,4191","64,52K","0,80%"
"20.03.2019","5,4178","5,4762","5,4859","5,4071","57,79K","-1,05%"
"19.03.2019","5,4754","5,4685","5,4912","5,4562","54,19K","0,17%"
"18.03.2019","5,4659","5,4466","5,4759","5,4437","53,36K","0,37%"
"15.03.2019","5,4457","5,4668","5,4781","5,4427","50,77K","-0,36%"
"14.03.2019","5,4653","5,4566","5,4795","5,4545","61,78K","0,20%"
"13.03.2019","5,4544","5,4563","5,4815","5,4483","61,83K","-0,01%"
"12.03.2019","5,4552","5,4454","5,4679","5,4253","72,31K","0,20%"
"11.03.2019","5,4445","5,4320","5,4636","5,4241","69,29K","0,34%"
"08.03.2019","5,4260","5,4713","5,4889","5,4216","60,32K","-0,81%"
"07.03.2019","5,4702","5,4285","5,4820","5,4199","75,63K","0,81%"
"06.03.2019","5,4263","5,3874","5,4482","5,3605","71,27K","0,78%"
"05.03.2019","5,3842","5,3740","5,4030","5,3615","70,27K","0,21%"
"04.03.2019","5,3727","5,3746","5,4024","5,3630","66,89K","-0,01%"
"01.03.2019","5,3732","5,3400","5,4061","5,3305","72,75K","0,73%"
"28.02.2019","5,3341","5,3088","5,3429","5,3057","68,79K","0,44%"
"27.02.2019","5,3109","5,3060","5,3259","5,2832","59,93K","0,17%"
"26.02.2019","5,3020","5,3028","5,3199","5,2877","60,43K","-0,01%"
"25.02.2019","5,3026","5,3198","5,3284","5,2912","65,73K","-0,30%"
"22.02.2019","5,3186","5,3159","5,3414","5,3010","74,95K","-0,05%"
"21.02.2019","5,3214","5,3288","5,3455","5,2982","77,76K","-0,06%"
"20.02.2019","5,3244","5,2838","5,3322","5,2748","79,60K","0,79%"
"19.02.2019","5,2828","5,2931","5,3246","5,2786","66,62K","-0,48%"
"18.02.2019","5,3083","5,2817","5,3231","5,2762","69,06K","0,70%"
"15.02.2019","5,2714","5,2704","5,3111","5,2430","78,51K","-0,03%"
"14.02.2019","5,2729","5,2830","5,3253","5,2572","91,48K","-0,23%"
"13.02.2019","5,2850","5,2538","5,2985","5,2352","76,95K","0,64%"
"12.02.2019","5,2516","5,2787","5,2938","5,2470","90,86K","-0,50%"
"11.02.2019","5,2780","5,2499","5,2929","5,2357","83,32K","0,58%"
"08.02.2019","5,2474","5,2643","5,2781","5,2220","83,96K","-0,37%"
"07.02.2019","5,2668","5,2176","5,2970","5,2085","99,96K","0,96%"
"06.02.2019","5,2168","5,2014","5,2414","5,1977","94,90K","0,35%"
"05.02.2019","5,1985","5,2217","5,2259","5,1790","91,57K","-0,38%"
"04.02.2019","5,2182","5,2031","5,2444","5,2001","75,80K","0,19%"
"01.02.2019","5,2084","5,1585","5,2308","5,1585","76,88K","0,85%"
"31.01.2019","5,1645","5,2265","5,2462","5,1589","118,93K","-1,16%"
"30.01.2019","5,2252","5,3095","5,3253","5,2090","95,85K","-1,59%"
"29.01.2019","5,3098","5,3238","5,3647","5,2963","93,94K","-0,34%"
"28.01.2019","5,3279","5,2585","5,3432","5,2432","83,69K","1,12%"
"25.01.2019","5,2688","5,2615","5,2926","5,2455","86,68K","0,07%"
"24.01.2019","5,2651","5,2849","5,3017","5,2446","101,21K","-0,40%"
"23.01.2019","5,2860","5,3397","5,3578","5,2727","99,14K","-1,08%"
"22.01.2019","5,3436","5,3265","5,3731","5,3216","94,68K","0,35%"
"21.01.2019","5,3247","5,3258","5,3589","5,3144","91,51K","-0,07%"
"18.01.2019","5,3283","5,3426","5,3777","5,3152","100,21K","-0,37%"
"17.01.2019","5,3480","5,3326","5,3921","5,3321","111,76K","0,22%"
"16.01.2019","5,3363","5,4500","5,4559","5,3263","","-2,03%"
"15.01.2019","5,4466","5,4461","5,4715","5,4219","","0,03%"
"14.01.2019","5,4447","5,4630","5,5534","5,4310","","-0,19%"
"11.01.2019","5,4550","5,4196","5,5055","5,4000","12,35K","0,71%"
"10.01.2019","5,4168","5,4801","5,5083","5,3975","","-1,10%"
"09.01.2019","5,4768","5,4805","5,5486","5,4375","","-0,08%"
"08.01.2019","5,4811","5,3814","5,5155","5,3740","1,54K","1,79%"
"07.01.2019","5,3848","5,3362","5,4153","5,3171","3,56K","1,01%"
"04.01.2019","5,3311","5,4587","5,4778","5,3058","0,00K","-2,48%"
"03.01.2019","5,4664","5,4002","5,8300","5,3857","2,42K","1,22%"
"02.01.2019","5,4003","5,3010","5,4215","5,2737","1,94K","2,02%"
"01.01.2019","5,2933","5,2896","5,2933","5,2540","0,49K","0,09%"
"31.12.2018","5,2887","5,2725","5,3220","5,2530","","0,31%"
"28.12.2018","5,2725","5,2850","5,3008","5,2430","","-0,24%"
"27.12.2018","5,2850","5,2749","5,3073","5,2644","","0,16%"
"26.12.2018","5,2766","5,2965","5,3088","5,2703","","-0,63%"
"25.12.2018","5,3101","5,3003","5,3560","5,2901","","0,40%"
"24.12.2018","5,2890","5,3197","5,3251","5,2762","","-0,55%"
"21.12.2018","5,3181","5,2619","5,3213","5,2300","","1,01%"
"20.12.2018","5,2649","5,2929","5,3303","5,2255","","-0,40%"
"19.12.2018","5,2860","5,3430","5,3551","5,1968","","-1,10%"
"18.12.2018","5,3450","5,3697","5,3902","5,3250","","-0,44%"
"17.12.2018","5,3686","5,3639","5,3973","5,3570","","0,10%"
"14.12.2018","5,3635","5,3352","5,4219","5,3301","","0,46%"
"13.12.2018","5,3392","5,3520","5,3917","5,2990","","-0,17%"
"12.12.2018","5,3482","5,3703","5,4016","5,3309","","-0,32%"
"11.12.2018","5,3653","5,3189","5,4045","5,3010","","0,76%"
"10.12.2018","5,3248","5,2993","5,3580","5,2666","","0,41%"
"07.12.2018","5,3029","5,3308","5,3518","5,2490","","-0,67%"
"06.12.2018","5,3386","5,3258","5,4050","5,3176","","0,23%"
"05.12.2018","5,3262","5,3833","5,4528","5,3020","","-1,14%"
"04.12.2018","5,3875","5,2550","5,4623","5,2332","","2,62%"
"03.12.2018","5,2501","5,2207","5,2939","5,1448","","0,72%"
"30.11.2018","5,2128","5,1625","5,2571","5,1350","","0,96%"
"29.11.2018","5,1631","5,2311","5,2389","5,1322","","-1,13%"
"28.11.2018","5,2219","5,2789","5,2829","5,2097","","-0,94%"
"27.11.2018","5,2716","5,2472","5,3003","5,2153","","0,46%"
"26.11.2018","5,2477","5,2877","5,3009","5,2110","","-0,75%"
"23.11.2018","5,2875","5,2870","5,3121","5,2520","","-0,16%"
"22.11.2018","5,2960","5,3121","5,3517","5,2730","","-0,23%"
"21.11.2018","5,3080","5,3768","5,4008","5,2787","","-1,29%"
"20.11.2018","5,3776","5,2995","5,4387","5,2970","","1,32%"
"19.11.2018","5,3075","5,3397","5,3734","5,2950","","-0,46%"
"16.11.2018","5,3318","5,3482","5,3951","5,3033","","-0,30%"
"15.11.2018","5,3481","5,4610","5,4715","5,3024","","-2,09%"
"14.11.2018","5,4624","5,4827","5,5013","5,4456","","-0,28%"
"13.11.2018","5,4776","5,4646","5,5299","5,4410","","0,16%"
"12.11.2018","5,4686","5,4678","5,5238","5,4231","","0,15%"
"09.11.2018","5,4606","5,4500","5,5421","5,4285","","0,04%"
"08.11.2018","5,4583","5,3569","5,4762","5,3540","","1,81%"
"07.11.2018","5,3612","5,3621","5,4179","5,3175","","0,10%"
"06.11.2018","5,3560","5,3129","5,4181","5,2940","","0,80%"
"05.11.2018","5,3134","5,4296","5,4755","5,2990","","-2,14%"
"02.11.2018","5,4296","5,5085","5,5279","5,3980","","-1,49%"
"01.11.2018","5,5118","5,5867","5,6525","5,5013","","-1,28%"
"31.10.2018","5,5835","5,4680","5,6322","5,4612","","1,99%"
"30.10.2018","5,4746","5,5677","5,5692","5,4608","","-1,56%"
"29.10.2018","5,5611","5,5969","5,6037","5,5072","","-0,57%"
"26.10.2018","5,5929","5,6353","5,6578","5,5626","","-0,74%"
"25.10.2018","5,6345","5,7041","5,7417","5,6122","","-1,19%"
"24.10.2018","5,7023","5,7469","5,7784","5,6531","","-0,60%"
"23.10.2018","5,7370","5,6683","5,8780","5,6650","","1,20%"
"22.10.2018","5,6689","5,6521","5,6958","5,6145","","0,47%"
"19.10.2018","5,6425","5,6345","5,7005","5,5800","","0,00%"
"18.10.2018","5,6425","5,5765","5,6831","5,5093","","1,06%"
"17.10.2018","5,5835","5,6815","5,7207","5,5285","","-1,79%"
"16.10.2018","5,6855","5,7896","5,8115","5,6623","","-1,75%"
"15.10.2018","5,7867","5,8698","5,9051","5,7424","","-1,45%"
"12.10.2018","5,8721","5,9253","5,9845","5,8068","","-0,91%"
"11.10.2018","5,9258","6,0720","6,0849","5,8945","","-2,47%"
"10.10.2018","6,0760","6,1042","6,1357","5,9971","","-0,41%"
"09.10.2018","6,1011","6,1064","6,1604","6,0610","","-0,16%"
"08.10.2018","6,1106","6,1380","6,1948","6,0908","","-0,37%"
"05.10.2018","6,1333","6,1520","6,2123","6,0700","","-0,48%"
"04.10.2018","6,1627","6,0390","6,2332","6,0339","","1,93%"
"03.10.2018","6,0458","5,9730","6,0931","5,9530","","1,02%"
"02.10.2018","5,9846","5,9315","6,0594","5,9005","","0,82%"
"01.10.2018","5,9360","6,0670","6,0792","5,8870","","-1,98%"
"28.09.2018","6,0560","6,0093","6,0942","5,9320","","0,80%"
"27.09.2018","6,0080","6,1218","6,1499","5,9460","","-1,62%"
"26.09.2018","6,1070","6,1570","6,2171","6,0520","","-0,89%"
"25.09.2018","6,1618","6,1320","6,2244","6,0370","","0,15%"
"24.09.2018","6,1524","6,2422","6,3361","6,0348","","-2,25%"
"21.09.2018","6,2937","6,2006","6,3071","6,1790","","1,58%"
"20.09.2018","6,1960","6,2639","6,3907","6,1180","","-0,85%"
"19.09.2018","6,2493","6,3887","6,4205","6,2119","","-2,12%"
"18.09.2018","6,3846","6,3258","6,4803","6,3064","","1,11%"
"17.09.2018","6,3144","6,1809","6,3292","6,1363","","2,34%"
"14.09.2018","6,1703","6,0640","6,1911","5,9820","","1,47%"
"13.09.2018","6,0812","6,3549","6,5653","5,9989","","-4,11%"
"12.09.2018","6,3420","6,4270","6,4821","6,3110","","-1,37%"
"11.09.2018","6,4301","6,4705","6,5002","6,4133","","-0,49%"
"10.09.2018","6,4616","6,3960","6,5071","6,3793","","1,01%"
"07.09.2018","6,3970","6,5810","6,6201","6,3615","","-2,82%"
"06.09.2018","6,5827","6,6105","6,6589","6,5339","","-0,28%"
"05.09.2018","6,6012","6,6753","6,7418","6,5790","","-1,05%"
"04.09.2018","6,6711","6,6200","6,7251","6,5654","","0,56%"
"03.09.2018","6,6340","6,5299","6,7324","6,4890","","1,47%"
"31.08.2018","6,5380","6,6740","6,8125","6,3765","","-1,71%"
"30.08.2018","6,6519","6,4520","6,8350","6,4021","","2,73%"
"29.08.2018","6,4752","6,3026","6,5138","6,2447","","3,22%"
"28.08.2018","6,2730","6,1456","6,3130","6,1075","","2,47%"
"27.08.2018","6,1217","6,0058","6,2978","5,9629","","1,91%"
"24.08.2018","6,0068","6,0968","6,1357","5,9811","","-1,92%"
"23.08.2018","6,1247","6,0564","6,1909","6,0276","","1,21%"
"22.08.2018","6,0512","6,0718","6,1369","6,0219","","-0,40%"
"21.08.2018","6,0757","6,1054","6,1797","6,0170","","-0,08%"
"20.08.2018","6,0808","6,0280","6,2000","5,9520","","1,11%"
"17.08.2018","6,0140","5,8200","6,3416","5,7180","","3,21%"
"16.08.2018","5,8270","5,9280","6,0410","5,6675","","-2,73%"
"15.08.2018","5,9905","6,3401","6,5955","5,8600","","-5,73%"
"14.08.2018","6,3544","6,8868","6,9668","6,2804","","-7,69%"
"13.08.2018","6,8834","6,4362","7,2393","6,4362","","7,09%"
"10.08.2018","6,4275","5,5450","6,8020","5,5300","","15,90%"
"09.08.2018","5,5457","5,2840","5,5720","5,2777","","5,03%"
"08.08.2018","5,2800","5,2310","5,3112","5,2200","","0,68%"
"07.08.2018","5,2443","5,3275","5,3696","5,1725","","-1,61%"
"06.08.2018","5,3301","5,0798","5,4265","5,0798","","4,89%"
"03.08.2018","5,0815","5,0655","5,1135","5,0528","","0,31%"
"02.08.2018","5,0660","4,9924","5,0944","4,9591","","1,42%"
"01.08.2018","4,9950","4,9137","5,0183","4,9087","","1,64%"
"31.07.2018","4,9142","4,8845","4,9324","4,8734","","0,65%"
"30.07.2018","4,8823","4,8459","4,9104","4,8407","","0,61%"
"27.07.2018","4,8529","4,8644","4,8830","4,8340","","-0,25%"
"26.07.2018","4,8649","4,7705","4,8845","4,7660","","1,93%"
"25.07.2018","4,7728","4,8883","4,8924","4,7728","","-2,32%"
"24.07.2018","4,8861","4,7415","4,9403","4,7345","","3,09%"
"23.07.2018","4,7395","4,7939","4,7970","4,7305","","-1,11%"
"20.07.2018","4,7927","4,8065","4,8269","4,7630","","-0,29%"
"19.07.2018","4,8066","4,7970","4,8453","4,7875","","0,24%"
"18.07.2018","4,7952","4,8074","4,8474","4,7624","","-0,24%"
"17.07.2018","4,8065","4,8451","4,8606","4,7755","","-0,82%"
"16.07.2018","4,8463","4,8435","4,8680","4,8180","","-0,18%"
"13.07.2018","4,8552","4,8545","4,8753","4,8066","","0,00%"
"12.07.2018","4,8552","4,8735","4,9721","4,7792","","-0,43%"
"11.07.2018","4,8762","4,7035","4,8789","4,6923","","3,58%"
"10.07.2018","4,7077","4,7358","4,7588","4,6448","","-0,55%"
"09.07.2018","4,7338","4,5694","4,7488","4,5060","","3,58%"
"06.07.2018","4,5704","4,5935","4,6198","4,5684","","-0,48%"
"05.07.2018","4,5924","4,6692","4,6890","4,5814","","-1,59%"
"04.07.2018","4,6667","4,6720","4,7234","4,6590","","-0,08%"
"03.07.2018","4,6705","4,6175","4,6881","4,6080","","1,18%"
"02.07.2018","4,6161","4,5908","4,6448","4,5813","","0,63%"
"29.06.2018","4,5872","4,5830","4,6111","4,5445","","0,04%"
"28.06.2018","4,5853","4,6245","4,6535","4,5733","","-0,80%"
"27.06.2018","4,6225","4,6168","4,6590","4,5895","","0,15%"
"26.06.2018","4,6155","4,6792","4,7169","4,6045","","-1,40%"
"25.06.2018","4,6810","4,6600","4,7249","4,5350","","0,08%"
"22.06.2018","4,6773","4,7185","4,7462","4,6585","","-0,96%"
"21.06.2018","4,7225","4,7312","4,7700","4,7151","","-0,22%"
"20.06.2018","4,7327","4,7319","4,7696","4,7220","","-0,16%"
"19.06.2018","4,7402","4,7055","4,7763","4,6860","","0,77%"
"18.06.2018","4,7042","4,7272","4,7458","4,6730","","-0,55%"
"15.06.2018","4,7301","4,7267","4,7602","4,7073","","0,09%"
"14.06.2018","4,7259","4,6319","4,7329","4,5910","","1,74%"
"13.06.2018","4,6453","4,5953","4,6995","4,5813","","1,04%"
"12.06.2018","4,5976","4,5229","4,5998","4,5191","","1,63%"
"11.06.2018","4,5240","4,4774","4,5420","4,4610","","1,12%"
"08.06.2018","4,4740","4,4800","4,5404","4,4591","","-0,23%"
"07.06.2018","4,4844","4,5537","4,5872","4,4510","","-1,56%"
"06.06.2018","4,5554","4,5980","4,6290","4,5358","","-0,94%"
"05.06.2018","4,5985","4,5903","4,6337","4,5805","","0,14%"
"04.06.2018","4,5921","4,6495","4,6791","4,5735","","-1,26%"
"01.06.2018","4,6508","4,5240","4,6574","4,5140","","2,79%"
"31.05.2018","4,5245","4,4590","4,5463","4,4495","","1,33%"
"30.05.2018","4,4650","4,5483","4,5641","4,4410","","-1,84%"
"29.05.2018","4,5488","4,5770","4,6358","4,5280","","-0,73%"
"28.05.2018","4,5822","4,7130","4,7214","4,5495","","-2,67%"
"25.05.2018","4,7081","4,7090","4,8030","4,6818","","0,02%"
"24.05.2018","4,7073","4,5763","4,8032","4,5380","","2,86%"
"23.05.2018","4,5762","4,6660","4,9241","4,5395","","-1,99%"
"22.05.2018","4,6691","4,5744","4,6738","4,5375","","2,06%"
"21.05.2018","4,5749","4,4902","4,6000","4,4864","","1,85%"
"18.05.2018","4,4917","4,4570","4,5060","4,4365","","0,70%"
"17.05.2018","4,4606","4,4110","4,4674","4,4095","","1,06%"
"16.05.2018","4,4139","4,4430","4,5015","4,3900","","-0,70%"
"15.05.2018","4,4450","4,3689","4,4770","4,3470","","1,78%"
"14.05.2018","4,3674","4,3139","4,3714","4,3000","","1,25%"
"11.05.2018","4,3136","4,2347","4,3180","4,2261","","1,85%"
"10.05.2018","4,2352","4,2871","4,3084","4,2197","","-1,22%"
"09.05.2018","4,2876","4,3290","4,3746","4,2510","","-1,04%"
"08.05.2018","4,3327","4,2664","4,3382","4,2565","","1,54%"
"07.05.2018","4,2669","4,2260","4,2729","4,2210","","0,97%"
"04.05.2018","4,2260","4,2153","4,2921","4,2137","","0,31%"
"03.05.2018","4,2131","4,1772","4,2450","4,1522","","0,86%"
"02.05.2018","4,1771","4,1028","4,1876","4,0886","","1,81%"
"01.05.2018","4,1030","4,0610","4,1254","4,0530","","1,02%"
"30.04.2018","4,0617","4,0441","4,0740","4,0245","","0,48%"
"27.04.2018","4,0422","4,0659","4,0800","4,0350","","-0,60%"
"26.04.2018","4,0664","4,0813","4,0863","4,0545","","-0,36%"
"25.04.2018","4,0809","4,0866","4,1116","4,0325","","-0,12%"
"24.04.2018","4,0860","4,1077","4,1144","4,0775","","-0,54%"
"23.04.2018","4,1080","4,0766","4,1111","4,0614","","0,77%"
"20.04.2018","4,0766","4,0398","4,0790","4,0225","","0,90%"
"19.04.2018","4,0403","4,0078","4,0500","4,0055","","0,79%"
"18.04.2018","4,0086","4,0941","4,1086","4,0037","","-2,17%"
"17.04.2018","4,0976","4,0967","4,1266","4,0697","","0,03%"
"16.04.2018","4,0963","4,0984","4,1213","4,0865","","-0,01%"
"13.04.2018","4,0969","4,1097","4,1173","4,0650","","-0,32%"
"12.04.2018","4,1102","4,1308","4,1615","4,0813","","-0,62%"
"11.04.2018","4,1360","4,1120","4,1950","4,1067","","0,58%"
"10.04.2018","4,1121","4,0715","4,1393","4,0530","","0,94%"
"09.04.2018","4,0737","4,0410","4,0761","4,0315","","0,71%"
"06.04.2018","4,0449","4,0531","4,0680","4,0263","","-0,16%"
"05.04.2018","4,0515","3,9970","4,0538","3,9942","","1,31%"
"04.04.2018","3,9991","3,9894","4,0290","3,9832","","0,26%"
"03.04.2018","3,9887","3,9719","3,9950","3,9670","","0,38%"
"02.04.2018","3,9735","3,9542","3,9808","3,9496","","0,46%"
"30.03.2018","3,9552","3,9426","3,9613","3,9370","","0,33%"
"29.03.2018","3,9422","4,0080","4,0163","3,9325","","-1,70%"
"28.03.2018","4,0103","3,9822","4,0169","3,9772","","0,71%"
"27.03.2018","3,9819","3,9657","3,9981","3,9579","","0,41%"
"26.03.2018","3,9657","3,9803","3,9963","3,9524","","-0,42%"
"23.03.2018","3,9824","3,9311","4,0356","3,9311","","1,22%"
"22.03.2018","3,9343","3,9097","3,9458","3,8969","","0,66%"
"21.03.2018","3,9085","3,9350","3,9407","3,9062","","-0,65%"
"20.03.2018","3,9339","3,9356","3,9535","3,9180","","-0,06%"
"19.03.2018","3,9362","3,9119","3,9546","3,9119","","0,42%"
"16.03.2018","3,9196","3,8955","3,9266","3,8875","","0,62%"
"15.03.2018","3,8956","3,8791","3,9070","3,8721","","0,41%"
"14.03.2018","3,8796","3,8731","3,8954","3,8524","","0,16%"
"13.03.2018","3,8733","3,8439","3,8754","3,8325","","0,77%"
"12.03.2018","3,8438","3,8102","3,8525","3,8037","","0,86%"
"09.03.2018","3,8111","3,8238","3,8290","3,8000","","-0,33%"
"08.03.2018","3,8236","3,7994","3,8285","3,7977","","0,55%"
"07.03.2018","3,8027","3,7929","3,8098","3,7876","","0,22%"
"06.03.2018","3,7942","3,8078","3,8131","3,7827","","-0,37%"
"05.03.2018","3,8084","3,8074","3,8296","3,8038","","0,03%"
"02.03.2018","3,8071","3,8057","3,8252","3,7990","","0,04%"
"01.03.2018","3,8056","3,7996","3,8210","3,7939","","0,18%"
"28.02.2018","3,7988","3,8151","3,8169","3,7925","","-0,44%"
"27.02.2018","3,8155","3,7852","3,8160","3,7780","","0,77%"
"26.02.2018","3,7864","3,7879","3,7985","3,7729","","-0,11%"
"23.02.2018","3,7905","3,7845","3,7965","3,7760","","0,16%"
"22.02.2018","3,7843","3,7867","3,8113","3,7782","","-0,13%"
"21.02.2018","3,7892","3,7972","3,8104","3,7740","","-0,24%"
"20.02.2018","3,7984","3,7569","3,8136","3,7565","","1,09%"
"19.02.2018","3,7573","3,7465","3,7642","3,7418","","0,26%"
"16.02.2018","3,7474","3,7644","3,7730","3,7345","","-0,45%"
"15.02.2018","3,7644","3,7826","3,7866","3,7619","","-0,48%"
"14.02.2018","3,7824","3,8122","3,8254","3,7778","","-0,74%"
"13.02.2018","3,8106","3,8002","3,8134","3,7875","","0,29%"
"12.02.2018","3,7997","3,8209","3,8290","3,7945","","-0,60%"
"09.02.2018","3,8226","3,8213","3,8456","3,8035","","0,03%"
"08.02.2018","3,8216","3,8047","3,8360","3,7885","","0,44%"
"07.02.2018","3,8047","3,7697","3,8077","3,7605","","0,93%"
"06.02.2018","3,7695","3,7895","3,7964","3,7605","","-0,54%"
"05.02.2018","3,7900","3,7688","3,7920","3,7525","","0,44%"
"02.02.2018","3,7735","3,7336","3,7786","3,7290","","1,13%"
"01.02.2018","3,7315","3,7547","3,7724","3,7260","","-0,64%"
"31.01.2018","3,7555","3,7811","3,7837","3,7441","","-0,67%"
"30.01.2018","3,7810","3,7929","3,8000","3,7584","","-0,33%"
"29.01.2018","3,7934","3,7539","3,7973","3,7408","","1,03%"
"26.01.2018","3,7547","3,7516","3,7661","3,7252","","0,06%"
"25.01.2018","3,7525","3,7379","3,7609","3,7126","","0,38%"
"24.01.2018","3,7384","3,7670","3,7754","3,7298","","-0,77%"
"23.01.2018","3,7673","3,7760","3,8049","3,7638","","-0,20%"
"22.01.2018","3,7750","3,8316","3,8491","3,7695","","-0,83%"
"19.01.2018","3,8065","3,7708","3,8177","3,7585","","0,97%"
"18.01.2018","3,7701","3,8161","3,8226","3,7550","","-1,26%"
"17.01.2018","3,8182","3,7971","3,8339","3,7905","","0,53%"
"16.01.2018","3,7980","3,8011","3,8358","3,7835","","-0,07%"
"15.01.2018","3,8007","3,7484","3,8043","3,7429","","1,40%"
"12.01.2018","3,7482","3,7767","3,7847","3,7438","","-0,69%"
"11.01.2018","3,7741","3,7996","3,8064","3,7670","","-0,67%"
"10.01.2018","3,7994","3,7675","3,8092","3,7646","","0,84%"
"09.01.2018","3,7679","3,7456","3,7801","3,7396","","0,63%"
"08.01.2018","3,7443","3,7317","3,7576","3,7297","","0,20%"
"05.01.2018","3,7367","3,7496","3,7618","3,7275","","-0,30%"
"04.01.2018","3,7480","3,7834","3,7883","3,7440","","-0,88%"
"03.01.2018","3,7812","3,7660","3,7879","3,7520","","0,38%"
"02.01.2018","3,7667","3,7920","3,7968","3,7490","","-0,55%"
"01.01.2018","3,7875","3,7855","3,7974","3,7855","","-0,07%"
"29.12.2017","3,7900","3,7748","3,7975","3,7592","","0,40%"
"28.12.2017","3,7749","3,8160","3,8255","3,7630","","-1,07%"
"27.12.2017","3,8156","3,8110","3,8283","3,8020","","0,09%"
"26.12.2017","3,8120","3,8091","3,8200","3,7946","","0,12%"
"25.12.2017","3,8074","3,8097","3,8200","3,7910","","-0,22%"
"22.12.2017","3,8157","3,8182","3,8277","3,8067","","-0,05%"
"21.12.2017","3,8175","3,8193","3,8342","3,8138","","-0,07%"
"20.12.2017","3,8203","3,8331","3,8453","3,8133","","-0,35%"
"19.12.2017","3,8336","3,8297","3,8455","3,8198","","0,09%"
"18.12.2017","3,8300","3,8628","3,8706","3,8203","","-0,82%"
"15.12.2017","3,8617","3,8888","3,8902","3,8478","","-0,65%"
"14.12.2017","3,8869","3,8114","3,8972","3,8076","","1,97%"
"13.12.2017","3,8119","3,8479","3,8655","3,8083","","-0,94%"
"12.12.2017","3,8479","3,8380","3,8609","3,8213","","0,29%"
"11.12.2017","3,8367","3,8387","3,8400","3,8140","","-0,05%"
"08.12.2017","3,8388","3,8594","3,8746","3,8238","","-0,63%"
"07.12.2017","3,8631","3,8507","3,8740","3,8465","","0,32%"
"06.12.2017","3,8506","3,8438","3,8640","3,8385","","0,16%"
"05.12.2017","3,8444","3,8742","3,8801","3,8375","","-0,77%"
"04.12.2017","3,8742","3,9162","3,9466","3,8621","","-0,99%"
"01.12.2017","3,9131","3,9178","3,9475","3,9059","","-0,15%"
"30.11.2017","3,9190","3,9618","3,9626","3,9030","","-1,07%"
"29.11.2017","3,9613","3,9641","3,9737","3,9400","","-0,08%"
"28.11.2017","3,9645","3,9059","3,9736","3,9017","","1,49%"
"27.11.2017","3,9062","3,9498","3,9562","3,8875","","-0,95%"
"24.11.2017","3,9437","3,9200","3,9576","3,9090","","0,60%"
"23.11.2017","3,9201","3,9179","3,9475","3,8960","","0,04%"
"22.11.2017","3,9184","3,9548","3,9825","3,9115","","-0,97%"
"21.11.2017","3,9566","3,9289","3,9778","3,9180","","0,71%"
"20.11.2017","3,9286","3,8772","3,9300","3,8537","","1,32%"
"17.11.2017","3,8773","3,8647","3,9055","3,8513","","0,37%"
"16.11.2017","3,8629","3,8808","3,8891","3,8485","","-0,47%"
"15.11.2017","3,8811","3,8852","3,9015","3,8690","","-0,13%"
"14.11.2017","3,8860","3,8685","3,9109","3,8577","","0,40%"
"13.11.2017","3,8706","3,8602","3,8892","3,8460","","0,18%"
"10.11.2017","3,8636","3,8612","3,8818","3,8450","","-0,03%"
"09.11.2017","3,8647","3,8677","3,8824","3,8367","","-0,05%"
"08.11.2017","3,8665","3,8851","3,9020","3,8549","","-0,46%"
"07.11.2017","3,8844","3,8278","3,8966","3,8235","","1,47%"
"06.11.2017","3,8280","3,8825","3,8904","3,8205","","-1,50%"
"03.11.2017","3,8864","3,7973","3,8899","3,7944","","2,34%"
"02.11.2017","3,7975","3,8122","3,8270","3,7894","","-0,41%"
"01.11.2017","3,8130","3,7917","3,8340","3,7830","","0,55%"
"31.10.2017","3,7920","3,7793","3,8151","3,7620","","0,32%"
"30.10.2017","3,7798","3,7910","3,7948","3,7610","","-0,23%"
"27.10.2017","3,7885","3,8198","3,8432","3,7830","","-0,83%"
"26.10.2017","3,8203","3,7667","3,8353","3,7489","","1,42%"
"25.10.2017","3,7668","3,7421","3,8082","3,7167","","0,68%"
"24.10.2017","3,7414","3,7158","3,7593","3,7011","","0,68%"
"23.10.2017","3,7163","3,6709","3,7230","3,6707","","1,22%"
"20.10.2017","3,6714","3,6454","3,6840","3,6438","","0,71%"
"19.10.2017","3,6456","3,6791","3,6814","3,6422","","-0,85%"
"18.10.2017","3,6768","3,6665","3,6880","3,6602","","0,29%"
"17.10.2017","3,6663","3,6477","3,6919","3,6440","","0,55%"
"16.10.2017","3,6463","3,6303","3,6525","3,6279","","0,31%"
"13.10.2017","3,6349","3,6543","3,6637","3,6215","","-0,52%"
"12.10.2017","3,6540","3,6500","3,6721","3,6280","","0,15%"
"11.10.2017","3,6484","3,7090","3,7131","3,6425","","-1,70%"
"10.10.2017","3,7114","3,7006","3,7129","3,6585","","0,28%"
"09.10.2017","3,7011","3,6157","3,7704","3,6157","","2,38%"
"06.10.2017","3,6149","3,5831","3,6380","3,5782","","0,87%"
"05.10.2017","3,5836","3,5718","3,5891","3,5618","","0,32%"
"04.10.2017","3,5723","3,5714","3,5800","3,5575","","0,01%"
"03.10.2017","3,5718","3,5645","3,5960","3,5631","","0,23%"
"02.10.2017","3,5635","3,5654","3,5882","3,5620","","-0,01%"
"29.09.2017","3,5637","3,5580","3,5671","3,5369","","0,10%"
"28.09.2017","3,5603","3,5789","3,5990","3,5550","","-0,48%"
"27.09.2017","3,5774","3,5375","3,5870","3,5355","","0,99%"
"26.09.2017","3,5424","3,5499","3,5586","3,5225","","-0,20%"
"25.09.2017","3,5494","3,4920","3,5530","3,4920","","1,52%"
"22.09.2017","3,4962","3,5029","3,5090","3,4775","","-0,17%"
"21.09.2017","3,5023","3,5035","3,5210","3,4935","","-0,02%"
"20.09.2017","3,5030","3,4896","3,5198","3,4644","","0,41%"
"19.09.2017","3,4887","3,4899","3,5074","3,4767","","-0,02%"
"18.09.2017","3,4894","3,4398","3,5008","3,4290","","1,51%"
"15.09.2017","3,4376","3,4326","3,4447","3,4189","","0,13%"
"14.09.2017","3,4331","3,4578","3,4780","3,4285","","-0,72%"
"13.09.2017","3,4579","3,4325","3,4629","3,4215","","0,72%"
"12.09.2017","3,4331","3,4059","3,4450","3,4012","","0,80%"
"11.09.2017","3,4060","3,4117","3,4150","3,3845","","-0,17%"
"08.09.2017","3,4117","3,4038","3,4226","3,3944","","0,21%"
"07.09.2017","3,4045","3,4273","3,4356","3,4011","","-0,62%"
"06.09.2017","3,4257","3,4340","3,4505","3,4195","","-0,34%"
"05.09.2017","3,4375","3,4342","3,4535","3,4224","","0,08%"
"04.09.2017","3,4348","3,4263","3,4411","3,4206","","0,19%"
"01.09.2017","3,4284","3,4500","3,4546","3,4132","","-0,70%"
"31.08.2017","3,4527","3,4517","3,4733","3,4422","","0,03%"
"30.08.2017","3,4517","3,4459","3,4639","3,4369","","0,15%"
"29.08.2017","3,4465","3,4439","3,4590","3,4310","","0,07%"
"28.08.2017","3,4441","3,4381","3,4540","3,4340","","0,15%"
"25.08.2017","3,4389","3,4837","3,4914","3,4331","","-1,29%"
"24.08.2017","3,4838","3,4756","3,4876","3,4727","","0,15%"
"23.08.2017","3,4787","3,4935","3,5043","3,4748","","-0,45%"
"22.08.2017","3,4944","3,4955","3,5060","3,4880","","-0,07%"
"21.08.2017","3,4970","3,5136","3,5259","3,4899","","-0,61%"
"18.08.2017","3,5185","3,5251","3,5327","3,5080","","-0,20%"
"17.08.2017","3,5254","3,5159","3,5299","3,5103","","0,28%"
"16.08.2017","3,5156","3,5369","3,5417","3,5141","","-0,55%"
"15.08.2017","3,5352","3,5250","3,5489","3,5166","","0,27%"
"14.08.2017","3,5257","3,5396","3,5397","3,5174","","-0,32%"
"11.08.2017","3,5369","3,5417","3,5596","3,5296","","-0,14%"
"10.08.2017","3,5418","3,5373","3,5453","3,5242","","0,12%"
"09.08.2017","3,5376","3,5330","3,5499","3,5267","","0,11%"
"08.08.2017","3,5338","3,5288","3,5353","3,5232","","0,13%"
"07.08.2017","3,5291","3,5281","3,5381","3,5200","","0,03%"
"04.08.2017","3,5279","3,5392","3,5439","3,5230","","-0,33%"
"03.08.2017","3,5396","3,5330","3,5488","3,5280","","0,26%"
"02.08.2017","3,5305","3,5281","3,5430","3,5225","","0,10%"
"01.08.2017","3,5271","3,5198","3,5322","3,5080","","0,22%"
"31.07.2017","3,5193","3,5291","3,5380","3,5140","","-0,24%"
"28.07.2017","3,5279","3,5351","3,5416","3,5224","","-0,24%"
"27.07.2017","3,5363","3,5368","3,5440","3,5160","","-0,06%"
"26.07.2017","3,5385","3,5734","3,5787","3,5325","","-0,95%"
"25.07.2017","3,5724","3,5566","3,5768","3,5470","","0,44%"
"24.07.2017","3,5567","3,5369","3,5715","3,5236","","0,58%"
"21.07.2017","3,5363","3,5263","3,5434","3,5187","","0,28%"
"20.07.2017","3,5264","3,5220","3,5453","3,5175","","0,12%"
"19.07.2017","3,5220","3,5223","3,5405","3,5090","","-0,03%"
"18.07.2017","3,5231","3,5281","3,5382","3,5181","","-0,15%"
"17.07.2017","3,5284","3,5379","3,5525","3,5220","","-0,27%"
"14.07.2017","3,5381","3,5650","3,5720","3,5249","","-0,77%"
"13.07.2017","3,5657","3,5663","3,5779","3,5569","","-0,04%"
"12.07.2017","3,5672","3,6133","3,6234","3,5632","","-1,29%"
"11.07.2017","3,6139","3,6088","3,6452","3,6042","","0,16%"
"10.07.2017","3,6083","3,6166","3,6248","3,5985","","-0,27%"
"07.07.2017","3,6182","3,6189","3,6474","3,6079","","-0,08%"
"06.07.2017","3,6212","3,6069","3,6415","3,6007","","0,42%"
"05.07.2017","3,6062","3,5589","3,6173","3,5480","","1,31%"
"04.07.2017","3,5594","3,5566","3,5700","3,5430","","0,06%"
"03.07.2017","3,5571","3,5206","3,5673","3,5110","","1,02%"
"30.06.2017","3,5212","3,5255","3,5340","3,5047","","-0,15%"
"29.06.2017","3,5265","3,5137","3,5395","3,4980","","0,39%"
"28.06.2017","3,5128","3,5261","3,5390","3,5084","","-0,38%"
"27.06.2017","3,5263","3,5011","3,5278","3,4903","","0,73%"
"26.06.2017","3,5008","3,5089","3,5125","3,4897","","-0,23%"
"23.06.2017","3,5088","3,5084","3,5161","3,4957","","0,03%"
"22.06.2017","3,5077","3,5306","3,5329","3,5020","","-0,66%"
"21.06.2017","3,5310","3,5410","3,5492","3,5200","","-0,38%"
"20.06.2017","3,5445","3,5225","3,5514","3,5100","","0,62%"
"19.06.2017","3,5228","3,5025","3,5259","3,4835","","0,57%"
"16.06.2017","3,5027","3,5125","3,5327","3,4940","","-0,29%"
"15.06.2017","3,5130","3,4876","3,5256","3,4811","","0,72%"
"14.06.2017","3,4878","3,5188","3,5238","3,4733","","-0,91%"
"13.06.2017","3,5198","3,5168","3,5343","3,5065","","0,10%"
"12.06.2017","3,5164","3,5368","3,5407","3,5085","","-0,59%"
"09.06.2017","3,5373","3,5236","3,5443","3,5150","","0,37%"
"08.06.2017","3,5244","3,5465","3,5570","3,5180","","-0,73%"
"07.06.2017","3,5503","3,5152","3,5587","3,5060","","1,00%"
"06.06.2017","3,5151","3,5232","3,5438","3,5105","","-0,24%"
"05.06.2017","3,5237","3,5083","3,5340","3,4935","","0,40%"
"02.06.2017","3,5098","3,5246","3,5395","3,5017","","-0,42%"
"01.06.2017","3,5246","3,5278","3,5446","3,5210","","-0,07%"
"31.05.2017","3,5270","3,5495","3,5600","3,5240","","-0,62%"
"30.05.2017","3,5491","3,5726","3,5890","3,5387","","-0,78%"
"29.05.2017","3,5771","3,5804","3,5865","3,5727","","-0,02%"
"26.05.2017","3,5777","3,5663","3,5857","3,5595","","0,31%"
"25.05.2017","3,5667","3,5603","3,5760","3,5450","","0,18%"
"24.05.2017","3,5604","3,5694","3,5802","3,5540","","-0,28%"
"23.05.2017","3,5704","3,5603","3,5802","3,5535","","0,31%"
"22.05.2017","3,5593","3,5765","3,5946","3,5483","","-0,45%"
"19.05.2017","3,5753","3,6236","3,6324","3,5647","","-1,37%"
"18.05.2017","3,6251","3,5688","3,6423","3,5666","","1,60%"
"17.05.2017","3,5681","3,5391","3,5727","3,5363","","0,82%"
"16.05.2017","3,5392","3,5472","3,5638","3,5340","","-0,26%"
"15.05.2017","3,5483","3,5712","3,5747","3,5458","","-0,69%"
"12.05.2017","3,5731","3,5753","3,5993","3,5630","","-0,08%"
"11.05.2017","3,5758","3,5863","3,5930","3,5640","","-0,32%"
"10.05.2017","3,5874","3,6238","3,6287","3,5790","","-1,01%"
"09.05.2017","3,6239","3,5852","3,6260","3,5796","","1,08%"
"08.05.2017","3,5851","3,5364","3,5960","3,5270","","1,16%"
"05.05.2017","3,5441","3,5535","3,5782","3,5402","","-0,28%"
"04.05.2017","3,5540","3,5356","3,5692","3,5258","","0,54%"
"03.05.2017","3,5349","3,5268","3,5411","3,5176","","0,22%"
"02.05.2017","3,5273","3,5544","3,5565","3,5173","","-0,77%"
"01.05.2017","3,5545","3,5516","3,5584","3,5465","","0,08%"
"28.04.2017","3,5516","3,5607","3,5728","3,5350","","-0,27%"
"27.04.2017","3,5612","3,5776","3,5789","3,5540","","-0,48%"
"26.04.2017","3,5783","3,5792","3,5991","3,5595","","-0,04%"
"25.04.2017","3,5797","3,5717","3,6047","3,5690","","0,19%"
"24.04.2017","3,5730","3,6411","3,6411","3,5702","","-1,84%"
"21.04.2017","3,6401","3,6407","3,6556","3,6290","","-0,04%"
"20.04.2017","3,6415","3,6732","3,6776","3,6262","","-0,86%"
"19.04.2017","3,6730","3,6609","3,6852","3,6529","","0,33%"
"18.04.2017","3,6608","3,7024","3,7142","3,6531","","-1,09%"
"17.04.2017","3,7011","3,6330","3,7172","3,6270","","-0,85%"
"14.04.2017","3,7327","3,6641","3,7376","3,6597","","1,89%"
"13.04.2017","3,6633","3,6474","3,6790","3,6397","","0,39%"
"12.04.2017","3,6492","3,6971","3,7043","3,6458","","-1,30%"
"11.04.2017","3,6972","3,7289","3,7333","3,6949","","-0,86%"
"10.04.2017","3,7294","3,7330","3,7378","3,7128","","-0,01%"
"07.04.2017","3,7299","3,7111","3,7447","3,7054","","0,51%"
"06.04.2017","3,7111","3,6990","3,7293","3,6938","","0,32%"
"05.04.2017","3,6991","3,6797","3,7121","3,6668","","0,55%"
"04.04.2017","3,6790","3,6456","3,6905","3,6367","","0,94%"
"03.04.2017","3,6449","3,6347","3,6510","3,6210","","0,27%"
"31.03.2017","3,6352","3,6515","3,6578","3,6240","","-0,46%"
"30.03.2017","3,6520","3,6454","3,6546","3,6240","","0,17%"
"29.03.2017","3,6459","3,6586","3,6623","3,6373","","-0,34%"
"28.03.2017","3,6582","3,6173","3,6643","3,6063","","1,15%"
"27.03.2017","3,6166","3,6072","3,6254","3,5847","","0,16%"
"24.03.2017","3,6108","3,6343","3,6387","3,5969","","-0,66%"
"23.03.2017","3,6348","3,6184","3,6410","3,6050","","0,45%"
"22.03.2017","3,6184","3,6320","3,6447","3,6040","","-0,40%"
"21.03.2017","3,6329","3,6161","3,6388","3,5870","","0,47%"
"20.03.2017","3,6160","3,6344","3,6389","3,6140","","-0,51%"
"17.03.2017","3,6344","3,6264","3,6458","3,5980","","0,24%"
"16.03.2017","3,6256","3,6769","3,6942","3,6115","","-1,35%"
"15.03.2017","3,6754","3,7426","3,7484","3,6714","","-1,80%"
"14.03.2017","3,7426","3,7418","3,7624","3,7378","","0,02%"
"13.03.2017","3,7418","3,7300","3,7541","3,7300","","0,32%"
"10.03.2017","3,7299","3,7747","3,7787","3,7225","","-1,19%"
"09.03.2017","3,7747","3,7462","3,7861","3,7360","","0,75%"
"08.03.2017","3,7467","3,6806","3,7496","3,6690","","1,79%"
"07.03.2017","3,6807","3,7142","3,7193","3,6712","","-0,88%"
"06.03.2017","3,7132","3,7045","3,7300","3,7033","","0,28%"
"03.03.2017","3,7030","3,7282","3,7470","3,7016","","-0,67%"
"02.03.2017","3,7280","3,6555","3,7362","3,6485","","2,02%"
"01.03.2017","3,6543","3,6467","3,6791","3,6257","","0,19%"
"28.02.2017","3,6472","3,6075","3,6495","3,5960","","1,11%"
"27.02.2017","3,6072","3,6076","3,6103","3,5797","","0,01%"
"24.02.2017","3,6070","3,5695","3,6094","3,5625","","1,06%"
"23.02.2017","3,5691","3,5806","3,5904","3,5562","","-0,31%"
"22.02.2017","3,5802","3,6197","3,6270","3,5777","","-1,11%"
"21.02.2017","3,6203","3,6245","3,6360","3,6130","","-0,12%"
"20.02.2017","3,6245","3,6304","3,6380","3,6113","","-0,12%"
"17.02.2017","3,6290","3,6675","3,6823","3,6255","","-1,03%"
"16.02.2017","3,6666","3,6591","3,6882","3,6491","","0,18%"
"15.02.2017","3,6601","3,6498","3,7027","3,6370","","0,27%"
"14.02.2017","3,6503","3,6712","3,6812","3,6379","","-0,58%"
"13.02.2017","3,6717","3,6943","3,7003","3,6625","","-0,64%"
"10.02.2017","3,6953","3,6826","3,7113","3,6615","","0,33%"
"09.02.2017","3,6831","3,7191","3,7246","3,6745","","-0,93%"
"08.02.2017","3,7178","3,7458","3,7608","3,6966","","-0,73%"
"07.02.2017","3,7451","3,6837","3,7506","3,6773","","1,66%"
"06.02.2017","3,6839","3,6983","3,7075","3,6622","","-0,37%"
"03.02.2017","3,6976","3,7366","3,7576","3,6869","","-1,06%"
"02.02.2017","3,7371","3,7700","3,7747","3,7181","","-0,89%"
"01.02.2017","3,7705","3,7727","3,7952","3,7580","","-0,08%"
"31.01.2017","3,7734","3,7814","3,8048","3,7668","","-0,22%"
"30.01.2017","3,7818","3,8675","3,8798","3,7712","","-2,47%"
"27.01.2017","3,8775","3,8515","3,9107","3,8490","","0,87%"
"26.01.2017","3,8440","3,8345","3,8729","3,8075","","0,33%"
"25.01.2017","3,8313","3,7846","3,8583","3,7800","","1,27%"
"24.01.2017","3,7833","3,7570","3,8275","3,7359","","0,69%"
"23.01.2017","3,7573","3,7663","3,7877","3,7517","","-0,22%"
"20.01.2017","3,7655","3,8279","3,8361","3,7640","","-1,61%"
"19.01.2017","3,8273","3,7961","3,8430","3,7860","","0,81%"
"18.01.2017","3,7966","3,7605","3,7989","3,7555","","0,95%"
"17.01.2017","3,7610","3,8045","3,8168","3,7560","","-1,14%"
"16.01.2017","3,8042","3,7261","3,8175","3,7248","","2,18%"
"13.01.2017","3,7230","3,7602","3,8285","3,7181","","-0,98%"
"12.01.2017","3,7597","3,8634","3,9296","3,7476","","-2,72%"
"11.01.2017","3,8647","3,7910","3,9423","3,7881","","2,01%"
"10.01.2017","3,7885","3,7139","3,8003","3,7078","","2,04%"
"09.01.2017","3,7129","3,6446","3,7440","3,6380","","1,88%"
"06.01.2017","3,6445","3,5915","3,6498","3,5915","","1,44%"
"05.01.2017","3,5927","3,5720","3,6400","3,5549","","0,60%"
"04.01.2017","3,5713","3,5939","3,5942","3,5670","","-0,64%"
"03.01.2017","3,5944","3,5450","3,6052","3,5332","","1,41%"
"02.01.2017","3,5445","3,5253","3,5460","3,5253","","0,48%"
"30.12.2016","3,5277","3,5224","3,5325","3,5095","","0,13%"
"29.12.2016","3,5230","3,5395","3,5441","3,5145","","-0,48%"
"28.12.2016","3,5400","3,5220","3,5505","3,5170","","0,53%"
"27.12.2016","3,5214","3,5123","3,5273","3,5010","","0,27%"
"26.12.2016","3,5118","3,5180","3,5209","3,5046","","-0,15%"
"23.12.2016","3,5169","3,5121","3,5189","3,4975","","0,16%"
"22.12.2016","3,5114","3,5091","3,5191","3,4981","","0,07%"
"21.12.2016","3,5089","3,5270","3,5341","3,5040","","-0,53%"
"20.12.2016","3,5275","3,5338","3,5425","3,5005","","-0,16%"
"19.12.2016","3,5331","3,5067","3,5370","3,4870","","0,75%"
"16.12.2016","3,5068","3,5114","3,5207","3,4820","","-0,15%"
"15.12.2016","3,5119","3,5323","3,5438","3,4990","","-0,58%"
"14.12.2016","3,5323","3,4906","3,5402","3,4545","","1,22%"
"13.12.2016","3,4898","3,4688","3,5054","3,4515","","0,61%"
"12.12.2016","3,4688","3,4816","3,5495","3,4654","","-0,52%"
"09.12.2016","3,4869","3,4422","3,5058","3,4185","","1,27%"
"08.12.2016","3,4433","3,3892","3,4970","3,3384","","1,57%"
"07.12.2016","3,3902","3,4470","3,4600","3,3803","","-1,61%"
"06.12.2016","3,4456","3,5226","3,5415","3,4312","","-2,20%"
"05.12.2016","3,5231","3,5200","3,5626","3,5149","","0,12%"
"02.12.2016","3,5190","3,5042","3,5860","3,4822","","0,44%"
"01.12.2016","3,5037","3,4365","3,5064","3,4255","","1,94%"
"30.11.2016","3,4370","3,4083","3,4421","3,4045","","0,83%"
"29.11.2016","3,4088","3,4143","3,4350","3,4045","","-0,18%"
"28.11.2016","3,4148","3,4515","3,4579","3,4071","","-0,93%"
"25.11.2016","3,4467","3,4458","3,4764","3,4341","","0,03%"
"24.11.2016","3,4455","3,3967","3,4546","3,3697","","1,51%"
"23.11.2016","3,3941","3,3854","3,4181","3,3681","","0,29%"
"22.11.2016","3,3844","3,3616","3,3943","3,3500","","0,68%"
"21.11.2016","3,3616","3,3735","3,3960","3,3500","","-0,41%"
"18.11.2016","3,3753","3,3701","3,4088","3,3540","","0,14%"
"17.11.2016","3,3706","3,3238","3,3782","3,3080","","1,42%"
"16.11.2016","3,3234","3,2916","3,3298","3,2835","","1,00%"
"15.11.2016","3,2906","3,2900","3,2985","3,2630","","0,02%"
"14.11.2016","3,2900","3,2510","3,2995","3,2440","","1,16%"
"11.11.2016","3,2522","3,2510","3,2795","3,2340","","0,04%"
"10.11.2016","3,2509","3,2094","3,2635","3,1928","","1,28%"
"09.11.2016","3,2099","3,1550","3,2905","3,1540","","1,74%"
"08.11.2016","3,1550","3,1680","3,1859","3,1515","","-0,41%"
"07.11.2016","3,1681","3,1568","3,1806","3,1420","","0,35%"
"04.11.2016","3,1569","3,1101","3,1755","3,1091","","1,50%"
"03.11.2016","3,1101","3,1150","3,1242","3,1038","","-0,12%"
"02.11.2016","3,1138","3,1123","3,1265","3,1080","","0,07%"
"01.11.2016","3,1116","3,0938","3,1229","3,0909","","0,57%"
"31.10.2016","3,0939","3,1033","3,1172","3,0913","","-0,42%"
"28.10.2016","3,1069","3,1138","3,1283","3,1030","","-0,22%"
"27.10.2016","3,1138","3,0808","3,1152","3,0796","","1,05%"
"26.10.2016","3,0813","3,0711","3,0910","3,0680","","0,33%"
"25.10.2016","3,0711","3,0745","3,0913","3,0685","","-0,16%"
"24.10.2016","3,0760","3,0839","3,0895","3,0685","","-0,18%"
"21.10.2016","3,0814","3,0602","3,0905","3,0537","","0,70%"
"20.10.2016","3,0601","3,0605","3,0767","3,0510","","-0,05%"
"19.10.2016","3,0616","3,0941","3,0981","3,0535","","-1,09%"
"18.10.2016","3,0953","3,0963","3,1145","3,0870","","-0,02%"
"17.10.2016","3,0960","3,0855","3,1130","3,0855","","0,18%"
"14.10.2016","3,0905","3,0873","3,0997","3,0698","","0,15%"
"13.10.2016","3,0858","3,0848","3,1140","3,0785","","0,02%"
"12.10.2016","3,0853","3,0835","3,0981","3,0704","","0,04%"
"11.10.2016","3,0840","3,0713","3,0896","3,0665","","0,40%"
"10.10.2016","3,0718","3,0498","3,0786","3,0415","","0,68%"
"07.10.2016","3,0510","3,0398","3,0644","3,0330","","0,37%"
"06.10.2016","3,0397","3,0516","3,0610","3,0380","","-0,39%"
"05.10.2016","3,0516","3,0598","3,0664","3,0479","","-0,20%"
"04.10.2016","3,0578","3,0193","3,0663","3,0173","","1,29%"
"03.10.2016","3,0188","3,0020","3,0280","2,9979","","0,65%"
"30.09.2016","2,9992","2,9998","3,0128","2,9945","","-0,02%"
"29.09.2016","2,9997","2,9799","3,0106","2,9766","","0,67%"
"28.09.2016","2,9798","2,9741","2,9898","2,9705","","0,17%"
"27.09.2016","2,9746","2,9805","2,9860","2,9638","","-0,21%"
"26.09.2016","2,9810","2,9917","2,9991","2,9720","","0,47%"
"23.09.2016","2,9672","2,9425","2,9683","2,9406","","0,79%"
"22.09.2016","2,9440","2,9556","2,9585","2,9378","","-0,38%"
"21.09.2016","2,9551","2,9779","2,9886","2,9493","","-0,78%"
"20.09.2016","2,9782","2,9763","2,9824","2,9703","","0,04%"
"19.09.2016","2,9771","2,9836","2,9851","2,9702","","-0,13%"
"16.09.2016","2,9809","2,9682","2,9860","2,9610","","0,41%"
"15.09.2016","2,9687","2,9798","2,9890","2,9625","","-0,36%"
"14.09.2016","2,9794","2,9841","2,9882","2,9725","","-0,17%"
"13.09.2016","2,9846","2,9677","2,9897","2,9615","","0,58%"
"12.09.2016","2,9675","2,9693","2,9939","2,9615","","0,15%"
"09.09.2016","2,9630","2,9528","2,9797","2,9470","","0,40%"
"08.09.2016","2,9512","2,9363","2,9570","2,9289","","0,50%"
"07.09.2016","2,9364","2,9225","2,9440","2,9185","","0,48%"
"06.09.2016","2,9224","2,9457","2,9485","2,9196","","-0,79%"
"05.09.2016","2,9457","2,9491","2,9521","2,9401","","-0,18%"
"02.09.2016","2,9509","2,9611","2,9669","2,9411","","-0,35%"
"01.09.2016","2,9612","2,9580","2,9730","2,9536","","0,11%"
"31.08.2016","2,9580","2,9630","2,9669","2,9520","","-0,17%"
"30.08.2016","2,9631","2,9502","2,9679","2,9485","","0,42%"
"29.08.2016","2,9507","2,9569","2,9613","2,9475","","-0,10%"
"26.08.2016","2,9538","2,9339","2,9597","2,9220","","0,66%"
"25.08.2016","2,9344","2,9518","2,9545","2,9309","","-0,59%"
"24.08.2016","2,9517","2,9520","2,9691","2,9440","","0,02%"
"23.08.2016","2,9510","2,9429","2,9561","2,9295","","0,31%"
"22.08.2016","2,9419","2,9301","2,9518","2,9276","","0,43%"
"19.08.2016","2,9293","2,9267","2,9453","2,9240","","0,07%"
"18.08.2016","2,9273","2,9217","2,9360","2,9128","","0,17%"
"17.08.2016","2,9222","2,9290","2,9410","2,9173","","-0,25%"
"16.08.2016","2,9295","2,9402","2,9439","2,9141","","-0,38%"
"15.08.2016","2,9407","2,9572","2,9617","2,9387","","-0,63%"
"12.08.2016","2,9594","2,9573","2,9649","2,9425","","0,07%"
"11.08.2016","2,9573","2,9571","2,9710","2,9503","","-0,01%"
"10.08.2016","2,9576","2,9679","2,9707","2,9441","","-0,36%"
"09.08.2016","2,9682","2,9823","2,9891","2,9661","","-0,55%"
"08.08.2016","2,9845","3,0018","3,0055","2,9796","","-0,47%"
"05.08.2016","2,9987","3,0106","3,0206","2,9950","","-0,41%"
"04.08.2016","3,0111","3,0133","3,0285","3,0065","","-0,09%"
"03.08.2016","3,0139","2,9926","3,0231","2,9909","","0,75%"
"02.08.2016","2,9915","2,9911","3,0036","2,9810","","0,04%"
"01.08.2016","2,9904","2,9936","2,9984","2,9708","","0,07%"
"29.07.2016","2,9883","3,0124","3,0259","2,9845","","-0,81%"
"28.07.2016","3,0126","3,0182","3,0252","3,0070","","-0,20%"
"27.07.2016","3,0187","3,0453","3,0495","3,0145","","-0,87%"
"26.07.2016","3,0453","3,0380","3,0526","3,0170","","0,28%"
"25.07.2016","3,0369","3,0655","3,0755","3,0200","","-0,92%"
"22.07.2016","3,0650","3,0716","3,0819","3,0403","","-0,18%"
"21.07.2016","3,0706","3,0894","3,0943","3,0490","","-0,62%"
"20.07.2016","3,0899","3,0435","3,0965","3,0100","","1,47%"
"19.07.2016","3,0450","2,9800","3,0630","2,9675","","2,26%"
"18.07.2016","2,9777","3,0199","3,0199","2,9235","","-1,39%"
"15.07.2016","3,0198","2,8774","3,0486","2,8765","","4,92%"
"14.07.2016","2,8782","2,8990","2,9050","2,8761","","-0,74%"
"13.07.2016","2,8998","2,8854","2,9089","2,8849","","0,44%"
"12.07.2016","2,8870","2,9045","2,9065","2,8815","","-0,60%"
"11.07.2016","2,9045","2,8914","2,9080","2,8870","","0,46%"
"08.07.2016","2,8913","2,9378","2,9410","2,8862","","-1,55%"
"07.07.2016","2,9367","2,9371","2,9431","2,9225","","-0,01%"
"06.07.2016","2,9371","2,9297","2,9560","2,9235","","0,27%"
"05.07.2016","2,9293","2,9068","2,9354","2,9015","","0,78%"
"04.07.2016","2,9066","2,9029","2,9093","2,8805","","0,16%"
"01.07.2016","2,9019","2,8766","2,9042","2,8697","","0,84%"
"30.06.2016","2,8777","2,8918","2,9064","2,8689","","-0,40%"
"29.06.2016","2,8892","2,9038","2,9105","2,8833","","-0,52%"
"28.06.2016","2,9043","2,9390","2,9415","2,8873","","-1,25%"
"27.06.2016","2,9410","2,9285","2,9538","2,9218","","0,40%"
"24.06.2016","2,9292","2,8522","3,0057","2,8403","","2,61%"
"23.06.2016","2,8548","2,8956","2,8986","2,8527","","-1,34%"
"22.06.2016","2,8936","2,9106","2,9190","2,8901","","-0,55%"
"21.06.2016","2,9097","2,9060","2,9159","2,8919","","0,12%"
"20.06.2016","2,9062","2,9316","2,9316","2,8960","","-0,71%"
"17.06.2016","2,9271","2,9324","2,9381","2,9242","","-0,13%"
"16.06.2016","2,9310","2,9250","2,9600","2,9210","","0,21%"
"15.06.2016","2,9250","2,9370","2,9405","2,9160","","-0,34%"
"14.06.2016","2,9350","2,9198","2,9420","2,9132","","0,53%"
"13.06.2016","2,9196","2,9293","2,9350","2,9084","","-0,32%"
"10.06.2016","2,9291","2,8922","2,9398","2,8922","","1,29%"
"09.06.2016","2,8919","2,8914","2,9026","2,8858","","-0,04%"
"08.06.2016","2,8931","2,8966","2,9013","2,8790","","-0,14%"
"07.06.2016","2,8971","2,9044","2,9125","2,8915","","-0,23%"
"06.06.2016","2,9039","2,9112","2,9172","2,9023","","0,04%"
"03.06.2016","2,9028","2,9488","2,9538","2,9009","","-1,56%"
"02.06.2016","2,9488","2,9421","2,9546","2,9336","","0,23%"
"01.06.2016","2,9419","2,9499","2,9585","2,9325","","-0,25%"
"31.05.2016","2,9494","2,9550","2,9604","2,9425","","-0,22%"
"30.05.2016","2,9560","2,9575","2,9700","2,9477","","-0,05%"
"27.05.2016","2,9575","2,9341","2,9639","2,9330","","0,78%"
"26.05.2016","2,9345","2,9372","2,9480","2,9240","","-0,08%"
"25.05.2016","2,9368","2,9435","2,9550","2,9290","","-0,26%"
"24.05.2016","2,9445","2,9962","3,0145","2,9405","","-1,69%"
"23.05.2016","2,9952","2,9770","2,9985","2,9729","","0,64%"
"20.05.2016","2,9762","2,9850","2,9915","2,9670","","-0,36%"
"19.05.2016","2,9870","2,9905","3,0040","2,9820","","-0,11%"
"18.05.2016","2,9902","2,9631","2,9942","2,9600","","0,89%"
"17.05.2016","2,9637","2,9762","2,9774","2,9570","","-0,44%"
"16.05.2016","2,9767","2,9670","2,9878","2,9588","","0,22%"
"13.05.2016","2,9702","2,9605","2,9755","2,9510","","0,27%"
"12.05.2016","2,9623","2,9545","2,9671","2,9398","","0,33%"
"11.05.2016","2,9527","2,9502","2,9760","2,9400","","0,04%"
"10.05.2016","2,9516","2,9440","2,9581","2,9291","","0,23%"
"09.05.2016","2,9449","2,9277","2,9503","2,9110","","0,60%"
"06.05.2016","2,9273","2,9226","2,9436","2,9080","","0,11%"
"05.05.2016","2,9242","2,9623","2,9623","2,8937","","-1,29%"
"04.05.2016","2,9625","2,8508","2,9788","2,8438","","3,98%"
"03.05.2016","2,8491","2,8046","2,8518","2,7885","","1,58%"
"02.05.2016","2,8049","2,7954","2,8077","2,7880","","0,34%"
"29.04.2016","2,7955","2,8125","2,8150","2,7880","","-0,62%"
"28.04.2016","2,8129","2,8184","2,8349","2,8030","","-0,21%"
"27.04.2016","2,8189","2,8203","2,8405","2,8130","","-0,07%"
"26.04.2016","2,8208","2,8440","2,8491","2,8140","","-0,82%"
"25.04.2016","2,8440","2,8444","2,8535","2,8400","","-0,17%"
"22.04.2016","2,8489","2,8317","2,8540","2,8225","","0,56%"
"21.04.2016","2,8331","2,8149","2,8362","2,8084","","0,68%"
"20.04.2016","2,8140","2,8327","2,8420","2,8070","","-0,61%"
"19.04.2016","2,8312","2,8393","2,8430","2,8220","","-0,30%"
"18.04.2016","2,8398","2,8525","2,8661","2,8350","","-0,51%"
"15.04.2016","2,8545","2,8504","2,8635","2,8474","","0,16%"
"14.04.2016","2,8499","2,8462","2,8720","2,8420","","0,11%"
"13.04.2016","2,8467","2,8349","2,8590","2,8310","","0,40%"
"12.04.2016","2,8354","2,8326","2,8490","2,8180","","0,08%"
"11.04.2016","2,8331","2,8486","2,8541","2,8175","","-0,56%"
"08.04.2016","2,8491","2,8613","2,8716","2,8420","","-0,44%"
"07.04.2016","2,8618","2,8407","2,8650","2,8245","","0,75%"
"06.04.2016","2,8406","2,8319","2,8590","2,8220","","0,29%"
"05.04.2016","2,8324","2,8120","2,8380","2,8080","","0,70%"
"04.04.2016","2,8128","2,8247","2,8291","2,8047","","-0,33%"
"01.04.2016","2,8221","2,8165","2,8370","2,8128","","0,18%"
"31.03.2016","2,8170","2,8354","2,8425","2,8120","","-0,67%"
"30.03.2016","2,8359","2,8373","2,8490","2,8230","","-0,06%"
"29.03.2016","2,8377","2,8683","2,8770","2,8340","","-1,08%"
"28.03.2016","2,8688","2,8719","2,8800","2,8640","","-0,26%"
"25.03.2016","2,8763","2,8723","2,8830","2,8655","","0,14%"
"24.03.2016","2,8724","2,8759","2,8910","2,8697","","-0,18%"
"23.03.2016","2,8775","2,8672","2,8829","2,8635","","0,38%"
"22.03.2016","2,8667","2,8628","2,8850","2,8565","","0,29%"
"21.03.2016","2,8585","2,8636","2,8815","2,8550","","-0,32%"
"18.03.2016","2,8676","2,8398","2,8694","2,8380","","0,91%"
"17.03.2016","2,8417","2,8679","2,8740","2,8380","","-0,93%"
"16.03.2016","2,8684","2,8981","2,9310","2,8630","","-1,04%"
"15.03.2016","2,8986","2,8706","2,9120","2,8660","","0,98%"
"14.03.2016","2,8704","2,8685","2,8880","2,8620","","0,12%"
"11.03.2016","2,8670","2,8915","2,8980","2,8636","","-0,85%"
"10.03.2016","2,8915","2,8923","2,9100","2,8725","","0,03%"
"09.03.2016","2,8907","2,9162","2,9212","2,8867","","-0,81%"
"08.03.2016","2,9144","2,9146","2,9306","2,9061","","-0,05%"
"07.03.2016","2,9160","2,9089","2,9326","2,9039","","0,27%"
"04.03.2016","2,9082","2,9097","2,9277","2,9017","","-0,02%"
"03.03.2016","2,9088","2,9266","2,9347","2,9067","","-0,56%"
"02.03.2016","2,9253","2,9364","2,9481","2,9230","","-0,37%"
"01.03.2016","2,9361","2,9657","2,9682","2,9302","","-0,99%"
"29.02.2016","2,9654","2,9963","2,9963","2,9520","","-0,91%"
"26.02.2016","2,9925","2,9295","3,0015","2,9200","","2,20%"
"25.02.2016","2,9280","2,9358","2,9428","2,9170","","-0,28%"
"24.02.2016","2,9363","2,9437","2,9550","2,9320","","-0,25%"
"23.02.2016","2,9437","2,9368","2,9470","2,9270","","0,24%"
"22.02.2016","2,9367","2,9532","2,9577","2,9300","","-0,50%"
"19.02.2016","2,9516","2,9683","2,9759","2,9477","","-0,64%"
"18.02.2016","2,9705","2,9580","2,9752","2,9497","","0,49%"
"17.02.2016","2,9561","2,9754","2,9843","2,9410","","-0,72%"
"16.02.2016","2,9774","2,9466","2,9818","2,9420","","1,06%"
"15.02.2016","2,9461","2,9303","2,9560","2,9247","","0,57%"
"12.02.2016","2,9295","2,9307","2,9398","2,9177","","-0,05%"
"11.02.2016","2,9310","2,9223","2,9470","2,9160","","0,31%"
"10.02.2016","2,9218","2,9405","2,9427","2,9150","","-0,64%"
"09.02.2016","2,9407","2,9476","2,9631","2,9270","","-0,22%"
"08.02.2016","2,9473","2,9185","2,9550","2,9120","","0,82%"
"05.02.2016","2,9233","2,9135","2,9268","2,8918","","0,39%"
"04.02.2016","2,9118","2,9159","2,9270","2,8863","","-0,16%"
"03.02.2016","2,9164","2,9521","2,9646","2,9070","","-1,20%"
"02.02.2016","2,9519","2,9459","2,9610","2,9430","","0,21%"
"01.02.2016","2,9456","2,9561","2,9780","2,9410","","-0,33%"
"29.01.2016","2,9553","2,9694","2,9780","2,9510","","-0,47%"
"28.01.2016","2,9693","3,0014","3,0030","2,9650","","-1,07%"
"27.01.2016","3,0014","3,0083","3,0190","2,9850","","-0,25%"
"26.01.2016","3,0088","3,0209","3,0356","3,0020","","-0,42%"
"25.01.2016","3,0214","3,0010","3,0245","2,9984","","0,59%"
"22.01.2016","3,0038","3,0138","3,0239","3,0003","","-0,29%"
"21.01.2016","3,0126","3,0423","3,0541","3,0101","","-0,97%"
"20.01.2016","3,0422","3,0400","3,0630","3,0349","","0,07%"
"19.01.2016","3,0401","3,0342","3,0466","3,0167","","0,12%"
"18.01.2016","3,0365","3,0489","3,0533","3,0290","","-0,39%"
"15.01.2016","3,0484","3,0229","3,0549","3,0216","","0,82%"
"14.01.2016","3,0235","3,0265","3,0435","3,0165","","-0,17%"
"13.01.2016","3,0285","3,0345","3,0365","3,0050","","-0,15%"
"12.01.2016","3,0332","3,0377","3,0490","3,0215","","-0,15%"
"11.01.2016","3,0377","3,0207","3,0437","3,0090","","0,54%"
"08.01.2016","3,0214","2,9991","3,0231","2,9810","","0,74%"
"07.01.2016","2,9993","3,0007","3,0290","2,9850","","-0,10%"
"06.01.2016","3,0024","2,9849","3,0160","2,9820","","0,58%"
"05.01.2016","2,9852","2,9642","2,9918","2,9538","","0,71%"
"04.01.2016","2,9642","2,9185","2,9810","2,9137","","1,73%"
"01.01.2016","2,9139","2,9177","2,9201","2,9129","","-0,13%"
"31.12.2015","2,9177","2,9160","2,9311","2,9030","","-0,03%"
"30.12.2015","2,9185","2,9068","2,9330","2,9040","","0,42%"
"29.12.2015","2,9063","2,9060","2,9155","2,9010","","0,00%"
"28.12.2015","2,9062","2,9188","2,9259","2,9033","","-0,57%"
"25.12.2015","2,9230","2,9195","2,9255","2,9105","","0,15%"
"24.12.2015","2,9185","2,9164","2,9272","2,9120","","0,05%"
"23.12.2015","2,9169","2,9287","2,9390","2,9153","","-0,47%"
"22.12.2015","2,9307","2,9150","2,9520","2,9067","","0,56%"
"21.12.2015","2,9145","2,9084","2,9235","2,9025","","0,20%"
"18.12.2015","2,9088","2,9321","2,9389","2,9037","","-0,70%"
"17.12.2015","2,9292","2,9366","2,9510","2,9170","","-0,20%"
"16.12.2015","2,9352","2,9652","2,9757","2,9212","","-0,97%"
"15.12.2015","2,9640","2,9795","2,9915","2,9480","","-0,52%"
"14.12.2015","2,9796","2,9746","2,9985","2,9445","","-0,07%"
"11.12.2015","2,9817","2,9252","2,9898","2,9168","","1,99%"
"10.12.2015","2,9235","2,9161","2,9296","2,9010","","0,24%"
"09.12.2015","2,9165","2,9097","2,9295","2,9000","","0,22%"
"08.12.2015","2,9100","2,9130","2,9258","2,9008","","-0,12%"
"07.12.2015","2,9135","2,8937","2,9180","2,8760","","0,64%"
"04.12.2015","2,8950","2,8865","2,9171","2,8755","","0,36%"
"03.12.2015","2,8846","2,8895","2,8980","2,8680","","-0,16%"
"02.12.2015","2,8893","2,8907","2,9010","2,8700","","-0,05%"
"01.12.2015","2,8907","2,9136","2,9146","2,8760","","-0,77%"
"30.11.2015","2,9131","2,9211","2,9365","2,8950","","-0,39%"
"27.11.2015","2,9245","2,9218","2,9353","2,9080","","0,12%"
"26.11.2015","2,9211","2,8886","2,9275","2,8835","","1,13%"
"25.11.2015","2,8884","2,8774","2,8941","2,8720","","0,39%"
"24.11.2015","2,8773","2,8506","2,8850","2,8410","","0,93%"
"23.11.2015","2,8507","2,8292","2,8538","2,8258","","0,67%"
"20.11.2015","2,8317","2,8444","2,8497","2,8147","","-0,39%"
"19.11.2015","2,8427","2,8629","2,8709","2,8385","","-0,67%"
"18.11.2015","2,8619","2,8686","2,8764","2,8530","","-0,25%"
"17.11.2015","2,8691","2,8829","2,8902","2,8580","","-0,50%"
"16.11.2015","2,8834","2,8654","2,8882","2,8638","","0,69%"
"13.11.2015","2,8637","2,8646","2,8786","2,8550","","-0,05%"
"12.11.2015","2,8651","2,8743","2,8920","2,8565","","-0,34%"
"11.11.2015","2,8748","2,9148","2,9158","2,8714","","-1,41%"
"10.11.2015","2,9158","2,9228","2,9263","2,9028","","-0,17%"
"09.11.2015","2,9207","2,9135","2,9289","2,9110","","0,19%"
"06.11.2015","2,9153","2,8624","2,9328","2,8586","","1,91%"
"05.11.2015","2,8607","2,8626","2,8779","2,8540","","-0,08%"
"04.11.2015","2,8631","2,8278","2,8700","2,8220","","1,21%"
"03.11.2015","2,8290","2,8243","2,8515","2,8085","","0,18%"
"02.11.2015","2,8239","2,9154","2,9156","2,7550","","-3,13%"
"30.10.2015","2,9151","2,9380","2,9422","2,9070","","-0,76%"
"29.10.2015","2,9375","2,9242","2,9435","2,9151","","0,44%"
"28.10.2015","2,9247","2,9036","2,9336","2,8851","","0,71%"
"27.10.2015","2,9041","2,8904","2,9180","2,8853","","0,49%"
"26.10.2015","2,8900","2,9068","2,9207","2,8805","","-0,61%"
"23.10.2015","2,9078","2,8734","2,9165","2,8575","","1,23%"
"22.10.2015","2,8726","2,8951","2,9026","2,8622","","-0,79%"
"21.10.2015","2,8954","2,9005","2,9155","2,8902","","-0,17%"
"20.10.2015","2,9003","2,9062","2,9101","2,8839","","-0,18%"
"19.10.2015","2,9054","2,8943","2,9075","2,8775","","0,47%"
"16.10.2015","2,8917","2,8804","2,9090","2,8763","","0,40%"
"15.10.2015","2,8803","2,9138","2,9148","2,8750","","-1,15%"
"14.10.2015","2,9137","2,9581","2,9640","2,9100","","-1,52%"
"13.10.2015","2,9586","2,9259","2,9620","2,9230","","1,10%"
"12.10.2015","2,9264","2,9172","2,9591","2,9125","","0,50%"
"09.10.2015","2,9118","2,8938","2,9212","2,8878","","0,63%"
"08.10.2015","2,8935","2,9400","2,9500","2,8905","","-1,59%"
"07.10.2015","2,9402","2,9581","2,9630","2,9129","","-0,61%"
"06.10.2015","2,9583","2,9822","2,9995","2,9546","","-0,85%"
"05.10.2015","2,9837","2,9946","3,0031","2,9808","","-0,23%"
"02.10.2015","2,9906","3,0266","3,0373","2,9850","","-1,19%"
"01.10.2015","3,0267","3,0254","3,0330","3,0070","","0,03%"
"30.09.2015","3,0257","3,0369","3,0443","3,0155","","-0,37%"
"29.09.2015","3,0368","3,0557","3,0705","3,0305","","-0,69%"
"28.09.2015","3,0579","3,0471","3,0625","3,0270","","0,37%"
"25.09.2015","3,0467","3,0377","3,0577","3,0226","","0,21%"
"24.09.2015","3,0403","3,0386","3,0754","3,0271","","0,06%"
"23.09.2015","3,0385","3,0249","3,0485","3,0111","","0,41%"
"22.09.2015","3,0260","3,0065","3,0410","2,9870","","0,66%"
"21.09.2015","3,0062","3,0079","3,0281","2,9800","","0,04%"
"18.09.2015","3,0050","3,0124","3,0152","2,9756","","-0,25%"
"17.09.2015","3,0124","2,9988","3,0295","2,9747","","0,47%"
"16.09.2015","2,9984","3,0295","3,0325","2,9895","","-1,04%"
"15.09.2015","3,0300","3,0588","3,0720","3,0200","","-0,91%"
"14.09.2015","3,0578","3,0355","3,0720","3,0355","","0,37%"
"11.09.2015","3,0465","3,0225","3,0610","3,0159","","0,78%"
"10.09.2015","3,0228","3,0379","3,0631","3,0156","","-0,43%"
"09.09.2015","3,0360","3,0106","3,0441","2,9850","","0,83%"
"08.09.2015","3,0111","3,0315","3,0350","3,0007","","-0,63%"
"07.09.2015","3,0301","2,9987","3,0464","2,9987","","0,75%"
"04.09.2015","3,0074","2,9708","3,0141","2,9670","","1,24%"
"03.09.2015","2,9707","2,9418","2,9785","2,9375","","1,00%"
"02.09.2015","2,9414","2,9304","2,9590","2,9223","","0,38%"
"01.09.2015","2,9302","2,9144","2,9329","2,9050","","0,53%"
"31.08.2015","2,9148","2,9255","2,9329","2,9076","","-0,31%"
"28.08.2015","2,9238","2,9094","2,9318","2,9050","","0,48%"
"27.08.2015","2,9099","2,9317","2,9348","2,8950","","-0,75%"
"26.08.2015","2,9318","2,9397","2,9511","2,9150","","-0,29%"
"25.08.2015","2,9402","2,9416","2,9509","2,9090","","-0,06%"
"24.08.2015","2,9421","2,9200","2,9865","2,9159","","0,80%"
"21.08.2015","2,9187","2,9155","2,9365","2,9020","","0,09%"
"20.08.2015","2,9160","2,9256","2,9999","2,8870","","-0,32%"
"19.08.2015","2,9255","2,8941","2,9450","2,8830","","1,07%"
"18.08.2015","2,8946","2,8695","2,9093","2,8643","","0,92%"
"17.08.2015","2,8683","2,8365","2,8734","2,8242","","1,21%"
"14.08.2015","2,8340","2,8216","2,8475","2,8176","","0,50%"
"13.08.2015","2,8200","2,7771","2,8300","2,7690","","1,53%"
"12.08.2015","2,7776","2,7797","2,7880","2,7657","","-0,08%"
"11.08.2015","2,7797","2,7792","2,7905","2,7580","","0,01%"
"10.08.2015","2,7794","2,7812","2,7970","2,7740","","-0,03%"
"07.08.2015","2,7802","2,7762","2,7940","2,7720","","0,16%"
"06.08.2015","2,7757","2,7866","2,7920","2,7740","","-0,40%"
"05.08.2015","2,7868","2,7832","2,7940","2,7650","","0,15%"
"04.08.2015","2,7826","2,7811","2,7842","2,7640","","0,05%"
"03.08.2015","2,7812","2,7672","2,7844","2,7629","","0,37%"
"31.07.2015","2,7710","2,7828","2,7981","2,7520","","-0,42%"
"30.07.2015","2,7826","2,7657","2,7932","2,7592","","0,64%"
"29.07.2015","2,7650","2,7594","2,7760","2,7531","","0,18%"
"28.07.2015","2,7600","2,7714","2,7740","2,7420","","-0,41%"
"27.07.2015","2,7713","2,7409","2,7780","2,7330","","1,23%"
"24.07.2015","2,7377","2,7346","2,7539","2,7235","","0,12%"
"23.07.2015","2,7344","2,7084","2,7397","2,7060","","1,02%"
"22.07.2015","2,7067","2,6856","2,7250","2,6801","","0,83%"
"21.07.2015","2,6844","2,6985","2,7002","2,6790","","-0,52%"
"20.07.2015","2,6983","2,6528","2,7020","2,6528","","1,72%"
"17.07.2015","2,6526","2,6564","2,6585","2,6459","","-0,15%"
"16.07.2015","2,6565","2,6452","2,6594","2,6390","","0,38%"
"15.07.2015","2,6464","2,6315","2,6521","2,6260","","0,56%"
"14.07.2015","2,6317","2,6460","2,6520","2,6250","","-0,53%"
"13.07.2015","2,6456","2,6718","2,6751","2,6420","","-0,79%"
"10.07.2015","2,6667","2,6776","2,6808","2,6550","","-0,45%"
"09.07.2015","2,6788","2,6883","2,6897","2,6637","","-0,35%"
"08.07.2015","2,6882","2,6857","2,7016","2,6757","","0,10%"
"07.07.2015","2,6854","2,6784","2,7002","2,6702","","0,27%"
"06.07.2015","2,6781","2,6917","2,7163","2,6713","","-0,39%"
"03.07.2015","2,6885","2,6846","2,6950","2,6815","","0,16%"
"02.07.2015","2,6843","2,6910","2,7070","2,6800","","-0,27%"
"01.07.2015","2,6917","2,6817","2,6970","2,6680","","0,38%"
"30.06.2015","2,6816","2,7016","2,7073","2,6677","","-0,78%"
"29.06.2015","2,7028","2,6667","2,7096","2,6667","","1,42%"
"26.06.2015","2,6649","2,6552","2,6750","2,6535","","0,37%"
"25.06.2015","2,6550","2,6777","2,6793","2,6505","","-0,84%"
"24.06.2015","2,6776","2,6788","2,6890","2,6680","","-0,05%"
"23.06.2015","2,6789","2,6655","2,6860","2,6629","","0,50%"
"22.06.2015","2,6656","2,6953","2,6976","2,6590","","-1,09%"
"19.06.2015","2,6951","2,7138","2,7255","2,6921","","-0,63%"
"18.06.2015","2,7123","2,7048","2,7212","2,7030","","0,23%"
"17.06.2015","2,7061","2,7337","2,7452","2,7061","","-1,04%"
"16.06.2015","2,7345","2,7369","2,7527","2,7257","","-0,05%"
"15.06.2015","2,7358","2,7119","2,7460","2,7119","","0,85%"
"12.06.2015","2,7128","2,7027","2,7262","2,7004","","0,39%"
"11.06.2015","2,7022","2,7350","2,7532","2,7003","","-1,18%"
"10.06.2015","2,7345","2,7521","2,7564","2,7258","","-0,64%"
"09.06.2015","2,7521","2,7517","2,7642","2,7292","","0,02%"
"08.06.2015","2,7515","2,7710","2,8117","2,7443","","3,36%"
"05.06.2015","2,6621","2,6674","2,6920","2,6530","","-0,21%"
"04.06.2015","2,6677","2,6853","2,7080","2,6570","","-0,67%"
"03.06.2015","2,6856","2,6742","2,6930","2,6707","","0,42%"
"02.06.2015","2,6743","2,6830","2,6940","2,6690","","-0,32%"
"01.06.2015","2,6829","2,6615","2,6865","2,6589","","0,75%"
"29.05.2015","2,6630","2,6550","2,6687","2,6450","","0,33%"
"28.05.2015","2,6543","2,6416","2,6679","2,6389","","0,46%"
"27.05.2015","2,6421","2,6407","2,6670","2,6310","","0,02%"
"26.05.2015","2,6417","2,6139","2,6450","2,6130","","1,00%"
"25.05.2015","2,6155","2,5996","2,6200","2,5923","","0,63%"
"22.05.2015","2,5991","2,5887","2,6080","2,5820","","0,39%"
"21.05.2015","2,5889","2,5771","2,5960","2,5580","","0,44%"
"20.05.2015","2,5776","2,5933","2,6130","2,5693","","-0,61%"
"19.05.2015","2,5935","2,5807","2,6049","2,5720","","0,50%"
"18.05.2015","2,5806","2,5760","2,5900","2,5710","","0,18%"
"15.05.2015","2,5759","2,5908","2,6007","2,5738","","-0,58%"
"14.05.2015","2,5909","2,6306","2,6337","2,5870","","-1,51%"
"13.05.2015","2,6307","2,6634","2,6730","2,6197","","-1,23%"
"12.05.2015","2,6635","2,6935","2,7050","2,6587","","-1,12%"
"11.05.2015","2,6938","2,6890","2,7050","2,6780","","-0,06%"
"08.05.2015","2,6953","2,6863","2,7038","2,6741","","0,38%"
"07.05.2015","2,6852","2,6926","2,7150","2,6760","","-0,28%"
"06.05.2015","2,6928","2,7040","2,7220","2,6850","","-0,43%"
"05.05.2015","2,7045","2,7109","2,7250","2,7000","","-0,31%"
"04.05.2015","2,7130","2,7142","2,7244","2,6951","","0,19%"
"01.05.2015","2,7079","2,6718","2,7124","2,6636","","1,33%"
"30.04.2015","2,6723","2,6604","2,6850","2,6480","","0,44%"
"29.04.2015","2,6605","2,6583","2,6750","2,6430","","0,08%"
"28.04.2015","2,6584","2,6748","2,6945","2,6495","","-0,60%"
"27.04.2015","2,6744","2,7252","2,7390","2,6662","","-1,47%"
"24.04.2015","2,7144","2,7010","2,7438","2,6980","","0,48%"
"23.04.2015","2,7015","2,7119","2,7349","2,6960","","-0,40%"
"22.04.2015","2,7123","2,6854","2,7220","2,6759","","0,99%"
"21.04.2015","2,6858","2,7001","2,7159","2,6770","","-0,50%"
"20.04.2015","2,6993","2,6879","2,7119","2,6702","","0,79%"
"17.04.2015","2,6782","2,6781","2,7010","2,6718","","-0,01%"
"16.04.2015","2,6786","2,6984","2,7150","2,6702","","-0,75%"
"15.04.2015","2,6989","2,6884","2,7316","2,6810","","0,39%"
"14.04.2015","2,6883","2,6705","2,6949","2,6595","","0,67%"
"13.04.2015","2,6705","2,6198","2,6740","2,6198","","1,59%"
"10.04.2015","2,6287","2,6205","2,6425","2,6125","","0,34%"
"09.04.2015","2,6199","2,5984","2,6240","2,5830","","0,78%"
"08.04.2015","2,5995","2,6018","2,6038","2,5830","","-0,11%"
"07.04.2015","2,6023","2,5745","2,6049","2,5640","","1,22%"
"06.04.2015","2,5710","2,5692","2,5785","2,5540","","-0,03%"
"03.04.2015","2,5719","2,5856","2,5982","2,5547","","-0,53%"
"02.04.2015","2,5855","2,6003","2,6021","2,5826","","-0,52%"
"01.04.2015","2,5990","2,5980","2,6140","2,5875","","0,05%"
"31.03.2015","2,5978","2,6095","2,6235","2,5915","","-0,38%"
"30.03.2015","2,6078","2,6108","2,6195","2,5965","","-0,09%"
"27.03.2015","2,6102","2,5920","2,6247","2,5920","","0,56%"
"26.03.2015","2,5957","2,5868","2,6180","2,5830","","0,34%"
"25.03.2015","2,5870","2,5520","2,5940","2,5499","","1,38%"
"24.03.2015","2,5519","2,5422","2,5700","2,5400","","0,38%"
"23.03.2015","2,5423","2,5754","2,5926","2,5419","","-1,19%"
"20.03.2015","2,5730","2,6040","2,6070","2,5692","","-1,30%"
"19.03.2015","2,6070","2,5697","2,6190","2,5607","","1,43%"
"18.03.2015","2,5702","2,6115","2,6270","2,5642","","-1,59%"
"17.03.2015","2,6117","2,6261","2,6330","2,6040","","-0,55%"
"16.03.2015","2,6261","2,6307","2,6433","2,5990","","-0,52%"
"13.03.2015","2,6397","2,5846","2,6496","2,5826","","2,16%"
"12.03.2015","2,5840","2,6103","2,6156","2,5825","","-1,02%"
"11.03.2015","2,6105","2,6384","2,6450","2,6030","","-1,06%"
"10.03.2015","2,6385","2,6014","2,6470","2,5986","","1,42%"
"09.03.2015","2,6016","2,6274","2,6335","2,5880","","-0,86%"
"06.03.2015","2,6243","2,6076","2,6474","2,5708","","0,67%"
"05.03.2015","2,6069","2,5640","2,6290","2,5610","","1,67%"
"04.03.2015","2,5640","2,5375","2,5725","2,5315","","1,12%"
"03.03.2015","2,5357","2,5192","2,5413","2,5053","","0,75%"
"02.03.2015","2,5169","2,5117","2,5240","2,5020","","0,32%"
"27.02.2015","2,5088","2,5061","2,5278","2,4918","","0,19%"
"26.02.2015","2,5040","2,4884","2,5080","2,4720","","0,62%"
"25.02.2015","2,4886","2,4632","2,4933","2,4512","","1,01%"
"24.02.2015","2,4637","2,4773","2,4907","2,4627","","-0,47%"
"23.02.2015","2,4753","2,4686","2,4862","2,4492","","0,93%"
"20.02.2015","2,4526","2,4542","2,4682","2,4482","","-0,18%"
"19.02.2015","2,4570","2,4432","2,4602","2,4312","","0,62%"
"18.02.2015","2,4418","2,4525","2,4700","2,4418","","-0,42%"
"17.02.2015","2,4520","2,4564","2,4591","2,4382","","-0,19%"
"16.02.2015","2,4566","2,4578","2,4642","2,4422","","-0,06%"
"13.02.2015","2,4581","2,4672","2,4787","2,4552","","-0,34%"
"12.02.2015","2,4666","2,4998","2,5084","2,4639","","-1,35%"
"11.02.2015","2,5004","2,4957","2,5144","2,4792","","0,16%"
"10.02.2015","2,4964","2,4762","2,5097","2,4672","","0,80%"
"09.02.2015","2,4766","2,4800","2,5032","2,4710","","0,11%"
"06.02.2015","2,4740","2,4375","2,4829","2,4268","","1,50%"
"05.02.2015","2,4375","2,4657","2,4668","2,4338","","-1,18%"
"04.02.2015","2,4665","2,4013","2,4687","2,3917","","2,71%"
"03.02.2015","2,4014","2,4306","2,4416","2,3919","","-1,20%"
"02.02.2015","2,4306","2,4453","2,4453","2,4137","","-0,65%"
"30.01.2015","2,4464","2,4155","2,4502","2,4032","","1,25%"
"29.01.2015","2,4161","2,3844","2,4212","2,3835","","1,27%"
"28.01.2015","2,3859","2,3640","2,3873","2,3528","","0,92%"
"27.01.2015","2,3642","2,3549","2,3739","2,3389","","0,43%"
"26.01.2015","2,3541","2,3643","2,3735","2,3454","","0,25%"
"23.01.2015","2,3483","2,3222","2,3558","2,3187","","1,04%"
"22.01.2015","2,3242","2,3522","2,3617","2,3164","","-1,11%"
"21.01.2015","2,3503","2,3457","2,3545","2,3312","","0,17%"
"20.01.2015","2,3463","2,3374","2,3632","2,3222","","0,35%"
"19.01.2015","2,3380","2,3323","2,3482","2,3252","","0,65%"
"16.01.2015","2,3229","2,3130","2,3420","2,3020","","0,55%"
"15.01.2015","2,3103","2,2818","2,3317","2,2707","","1,28%"
"14.01.2015","2,2811","2,2849","2,3087","2,2757","","-0,21%"
"13.01.2015","2,2858","2,2849","2,2888","2,2712","","0,02%"
"12.01.2015","2,2853","2,2905","2,2982","2,2811","","-0,42%"
"09.01.2015","2,2950","2,2992","2,3110","2,2825","","-0,18%"
"08.01.2015","2,2992","2,3190","2,3229","2,2952","","-0,85%"
"07.01.2015","2,3189","2,3234","2,3342","2,3182","","-0,17%"
"06.01.2015","2,3228","2,3312","2,3367","2,3132","","-0,39%"
"05.01.2015","2,3318","2,3519","2,3524","2,3250","","-0,53%"
"02.01.2015","2,3442","2,3322","2,3586","2,3312","","0,57%"
"01.01.2015","2,3309","2,3365","2,3365","2,3309","","-0,15%"
"31.12.2014","2,3345","2,3287","2,3400","2,3210","","0,24%"
"30.12.2014","2,3289","2,3180","2,3510","2,3119","","0,49%"
"29.12.2014","2,3176","2,3166","2,3292","2,3137","","0,00%"
"26.12.2014","2,3175","2,3197","2,3232","2,3132","","-0,15%"
"25.12.2014","2,3210","2,3181","2,3230","2,3130","","0,16%"
"24.12.2014","2,3173","2,3218","2,3262","2,3112","","-0,23%"
"23.12.2014","2,3226","2,3151","2,3267","2,3117","","0,34%"
"22.12.2014","2,3148","2,3091","2,3237","2,3082","","0,12%"
"19.12.2014","2,3121","2,3218","2,3347","2,3077","","-0,47%"
"18.12.2014","2,3230","2,3392","2,3419","2,3102","","-0,65%"
"17.12.2014","2,3381","2,3602","2,3777","2,3082","","-1,14%"
"16.12.2014","2,3650","2,3771","2,4150","2,3420","","-0,46%"
"15.12.2014","2,3760","2,2977","2,3946","2,2917","","3,35%"
"12.12.2014","2,2990","2,2777","2,3117","2,2667","","0,90%"
"11.12.2014","2,2784","2,2667","2,2827","2,2562","","0,53%"
"10.12.2014","2,2663","2,2670","2,2702","2,2562","","-0,05%"
"09.12.2014","2,2674","2,2694","2,2721","2,2542","","-0,05%"
"08.12.2014","2,2686","2,2650","2,2822","2,2570","","0,34%"
"05.12.2014","2,2610","2,2347","2,2662","2,2312","","1,20%"
"04.12.2014","2,2342","2,2402","2,2452","2,2290","","-0,35%"
"03.12.2014","2,2420","2,2327","2,2465","2,2275","","0,48%"
"02.12.2014","2,2312","2,2152","2,2342","2,2127","","0,74%"
"01.12.2014","2,2149","2,2228","2,2302","2,2132","","-0,21%"
"28.11.2014","2,2196","2,2067","2,2236","2,2042","","0,56%"
"27.11.2014","2,2072","2,2108","2,2202","2,2046","","-0,15%"
"26.11.2014","2,2106","2,2192","2,2291","2,2087","","-0,41%"
"25.11.2014","2,2197","2,2301","2,2392","2,2190","","-0,46%"
"24.11.2014","2,2300","2,2210","2,2332","2,2157","","0,37%"
"21.11.2014","2,2218","2,2193","2,2294","2,2138","","0,10%"
"20.11.2014","2,2196","2,2324","2,2433","2,2187","","-0,56%"
"19.11.2014","2,2320","2,2215","2,2432","2,2192","","0,48%"
"18.11.2014","2,2214","2,2313","2,2322","2,2157","","-0,44%"
"17.11.2014","2,2312","2,2286","2,2347","2,2232","","0,07%"
"14.11.2014","2,2296","2,2416","2,2497","2,2290","","-0,56%"
"13.11.2014","2,2422","2,2532","2,2557","2,2338","","-0,41%"
"12.11.2014","2,2514","2,2570","2,2662","2,2462","","-0,24%"
"11.11.2014","2,2568","2,2597","2,2732","2,2553","","-0,12%"
"10.11.2014","2,2594","2,2571","2,2612","2,2432","","0,06%"
"07.11.2014","2,2580","2,2636","2,2820","2,2560","","-0,25%"
"06.11.2014","2,2636","2,2441","2,2662","2,2332","","0,86%"
"05.11.2014","2,2443","2,2212","2,2497","2,2207","","0,94%"
"04.11.2014","2,2235","2,2349","2,2386","2,2185","","-0,54%"
"03.11.2014","2,2355","2,2194","2,2435","2,2194","","0,52%"
"31.10.2014","2,2240","2,1996","2,2275","2,1900","","1,15%"
"30.10.2014","2,1988","2,2150","2,2267","2,1966","","-0,74%"
"29.10.2014","2,2153","2,2067","2,2193","2,1902","","0,39%"
"28.10.2014","2,2066","2,2300","2,2335","2,2012","","-1,02%"
"27.10.2014","2,2294","2,2282","2,2437","2,2282","","-0,09%"
"24.10.2014","2,2313","2,2365","2,2442","2,2302","","-0,21%"
"23.10.2014","2,2360","2,2468","2,2520","2,2280","","-0,46%"
"22.10.2014","2,2463","2,2457","2,2512","2,2392","","0,05%"
"21.10.2014","2,2451","2,2444","2,2482","2,2342","","0,06%"
"20.10.2014","2,2437","2,2448","2,2529","2,2379","","-0,10%"
"17.10.2014","2,2460","2,2627","2,2682","2,2427","","-0,75%"
"16.10.2014","2,2629","2,2696","2,2857","2,2582","","-0,28%"
"15.10.2014","2,2693","2,2728","2,2862","2,2537","","-0,16%"
"14.10.2014","2,2730","2,2696","2,2882","2,2662","","0,14%"
"13.10.2014","2,2698","2,2870","2,2875","2,2642","","-0,81%"
"10.10.2014","2,2884","2,2704","2,2892","2,2692","","0,83%"
"09.10.2014","2,2695","2,2614","2,2704","2,2495","","0,29%"
"08.10.2014","2,2630","2,2765","2,2977","2,2619","","-0,54%"
"07.10.2014","2,2753","2,2682","2,2798","2,2640","","0,33%"
"06.10.2014","2,2678","2,2916","2,2931","2,2662","","-1,15%"
"03.10.2014","2,2942","2,2668","2,3071","2,2637","","1,22%"
"02.10.2014","2,2665","2,2834","2,2852","2,2632","","-0,74%"
"01.10.2014","2,2833","2,2784","2,2937","2,2737","","0,22%"
"30.09.2014","2,2782","2,2801","2,2887","2,2687","","-0,02%"
"29.09.2014","2,2786","2,2620","2,2907","2,2602","","0,72%"
"26.09.2014","2,2623","2,2611","2,2687","2,2522","","0,06%"
"25.09.2014","2,2610","2,2363","2,2677","2,2352","","1,09%"
"24.09.2014","2,2366","2,2403","2,2427","2,2277","","-0,12%"
"23.09.2014","2,2393","2,2410","2,2421","2,2265","","-0,06%"
"22.09.2014","2,2407","2,2328","2,2497","2,2277","","0,27%"
"19.09.2014","2,2347","2,2252","2,2407","2,2161","","0,39%"
"18.09.2014","2,2260","2,2248","2,2372","2,2137","","0,08%"
"17.09.2014","2,2243","2,2041","2,2288","2,2007","","0,95%"
"16.09.2014","2,2033","2,2119","2,2207","2,1977","","-0,40%"
"15.09.2014","2,2121","2,2203","2,2234","2,2057","","-0,49%"
"12.09.2014","2,2230","2,2011","2,2234","2,1972","","1,01%"
"11.09.2014","2,2007","2,1930","2,2029","2,1852","","0,36%"
"10.09.2014","2,1929","2,1969","2,2152","2,1917","","-0,15%"
"09.09.2014","2,1963","2,1730","2,2050","2,1679","","1,05%"
"08.09.2014","2,1735","2,1582","2,1744","2,1554","","0,67%"
"05.09.2014","2,1590","2,1638","2,1709","2,1522","","-0,19%"
"04.09.2014","2,1632","2,1568","2,1649","2,1437","","0,25%"
"03.09.2014","2,1577","2,1724","2,1742","2,1537","","-0,69%"
"02.09.2014","2,1726","2,1602","2,1797","2,1584","","0,55%"
"01.09.2014","2,1607","2,1602","2,1664","2,1534","","-0,15%"
"29.08.2014","2,1639","2,1576","2,1653","2,1497","","0,26%"
"28.08.2014","2,1583","2,1542","2,1727","2,1517","","0,20%"
"27.08.2014","2,1539","2,1652","2,1687","2,1480","","-0,54%"
"26.08.2014","2,1655","2,1792","2,1822","2,1607","","-0,62%"
"25.08.2014","2,1790","2,1799","2,1840","2,1745","","0,16%"
"22.08.2014","2,1755","2,1772","2,1857","2,1677","","-0,11%"
"21.08.2014","2,1779","2,1862","2,1893","2,1667","","-0,37%"
"20.08.2014","2,1860","2,1613","2,1863","2,1582","","1,10%"
"19.08.2014","2,1622","2,1646","2,1692","2,1567","","-0,07%"
"18.08.2014","2,1638","2,1623","2,1757","2,1617","","-0,15%"
"15.08.2014","2,1671","2,1524","2,1782","2,1462","","0,71%"
"14.08.2014","2,1518","2,1568","2,1647","2,1447","","-0,24%"
"13.08.2014","2,1569","2,1646","2,1657","2,1497","","-0,34%"
"12.08.2014","2,1642","2,1506","2,1695","2,1487","","0,64%"
"11.08.2014","2,1505","2,1439","2,1587","2,1327","","0,26%"
"08.08.2014","2,1450","2,1657","2,1885","2,1412","","-1,02%"
"07.08.2014","2,1671","2,1592","2,1722","2,1526","","0,37%"
"06.08.2014","2,1592","2,1533","2,1772","2,1516","","0,31%"
"05.08.2014","2,1525","2,1307","2,1535","2,1207","","0,99%"
"04.08.2014","2,1313","2,1311","2,1392","2,1257","","-0,10%"
"01.08.2014","2,1334","2,1427","2,1523","2,1237","","-0,39%"
"31.07.2014","2,1418","2,1326","2,1487","2,1267","","0,42%"
"30.07.2014","2,1328","2,1163","2,1422","2,1090","","0,79%"
"29.07.2014","2,1161","2,0991","2,1187","2,0984","","0,80%"
"28.07.2014","2,0993","2,0907","2,1039","2,0903","","0,26%"
"25.07.2014","2,0939","2,0953","2,0987","2,0887","","0,10%"
"24.07.2014","2,0918","2,0880","2,0985","2,0847","","0,15%"
"23.07.2014","2,0886","2,1081","2,1085","2,0857","","-0,85%"
"22.07.2014","2,1065","2,1199","2,1232","2,1046","","-0,56%"
"21.07.2014","2,1183","2,1215","2,1263","2,1135","","-0,30%"
"18.07.2014","2,1247","2,1409","2,1431","2,1194","","-0,76%"
"17.07.2014","2,1410","2,1189","2,1433","2,1177","","1,02%"
"16.07.2014","2,1193","2,1244","2,1282","2,1152","","-0,23%"
"15.07.2014","2,1241","2,1168","2,1282","2,1142","","0,37%"
"14.07.2014","2,1162","2,1176","2,1227","2,1107","","-0,06%"
"11.07.2014","2,1175","2,1235","2,1299","2,1157","","-0,32%"
"10.07.2014","2,1244","2,1154","2,1332","2,1132","","0,43%"
"09.07.2014","2,1154","2,1246","2,1287","2,1146","","-0,46%"
"08.07.2014","2,1251","2,1292","2,1322","2,1207","","-0,20%"
"07.07.2014","2,1293","2,1296","2,1377","2,1267","","-0,17%"
"04.07.2014","2,1329","2,1279","2,1362","2,1232","","0,24%"
"03.07.2014","2,1278","2,1309","2,1442","2,1252","","-0,11%"
"02.07.2014","2,1302","2,1280","2,1337","2,1217","","0,08%"
"01.07.2014","2,1285","2,1191","2,1317","2,1137","","0,44%"
"30.06.2014","2,1191","2,1241","2,1272","2,1172","","-0,17%"
"27.06.2014","2,1228","2,1264","2,1302","2,1202","","-0,14%"
"26.06.2014","2,1258","2,1317","2,1347","2,1217","","-0,31%"
"25.06.2014","2,1325","2,1434","2,1470","2,1280","","-0,43%"
"24.06.2014","2,1418","2,1370","2,1442","2,1247","","0,21%"
"23.06.2014","2,1373","2,1393","2,1482","2,1322","","-0,15%"
"20.06.2014","2,1405","2,1418","2,1512","2,1325","","-0,10%"
"19.06.2014","2,1426","2,1261","2,1457","2,1192","","0,81%"
"18.06.2014","2,1254","2,1500","2,1532","2,1238","","-1,12%"
"17.06.2014","2,1495","2,1423","2,1562","2,1282","","0,33%"
"16.06.2014","2,1424","2,1259","2,1462","2,1241","","0,90%"
"13.06.2014","2,1233","2,1119","2,1312","2,1087","","0,55%"
"12.06.2014","2,1117","2,1142","2,1249","2,0972","","-0,24%"
"11.06.2014","2,1167","2,0794","2,1186","2,0777","","1,77%"
"10.06.2014","2,0798","2,0859","2,0942","2,0772","","-0,31%"
"09.06.2014","2,0863","2,0766","2,0892","2,0732","","0,39%"
"06.06.2014","2,0781","2,0960","2,1022","2,0737","","-0,87%"
"05.06.2014","2,0963","2,1161","2,1173","2,0942","","-0,91%"
"04.06.2014","2,1156","2,1174","2,1287","2,1097","","-0,08%"
"03.06.2014","2,1173","2,1072","2,1214","2,0927","","0,43%"
"02.06.2014","2,1083","2,0971","2,1102","2,0902","","0,53%"
"30.05.2014","2,0971","2,0867","2,0993","2,0851","","0,51%"
"29.05.2014","2,0865","2,0996","2,1042","2,0832","","-0,63%"
"28.05.2014","2,0998","2,1033","2,1143","2,0983","","-0,10%"
"27.05.2014","2,1018","2,0843","2,1093","2,0839","","0,91%"
"26.05.2014","2,0829","2,0813","2,0902","2,0799","","0,05%"
"23.05.2014","2,0818","2,0821","2,0955","2,0752","","0,02%"
"22.05.2014","2,0813","2,0929","2,1017","2,0782","","-0,61%"
"21.05.2014","2,0940","2,1136","2,1200","2,0902","","-0,92%"
"20.05.2014","2,1134","2,0971","2,1172","2,0902","","0,81%"
"19.05.2014","2,0965","2,0963","2,1037","2,0881","","-0,16%"
"16.05.2014","2,0998","2,0982","2,1065","2,0882","","0,07%"
"15.05.2014","2,0983","2,0693","2,1037","2,0677","","1,33%"
"14.05.2014","2,0707","2,0683","2,0822","2,0582","","0,11%"
"13.05.2014","2,0684","2,0809","2,0828","2,0617","","-0,60%"
"12.05.2014","2,0809","2,0761","2,0882","2,0677","","0,17%"
"09.05.2014","2,0773","2,0733","2,0867","2,0687","","0,17%"
"08.05.2014","2,0738","2,0819","2,0862","2,0647","","-0,39%"
"07.05.2014","2,0819","2,0904","2,1002","2,0797","","-0,39%"
"06.05.2014","2,0900","2,0999","2,1021","2,0872","","-0,49%"
"05.05.2014","2,1003","2,1075","2,1075","2,0922","","-0,17%"
"02.05.2014","2,1038","2,1058","2,1148","2,0947","","-0,08%"
"01.05.2014","2,1054","2,1122","2,1147","2,1012","","-0,34%"
"30.04.2014","2,1125","2,1207","2,1272","2,1082","","-0,41%"
"29.04.2014","2,1212","2,1257","2,1295","2,1132","","-0,21%"
"28.04.2014","2,1256","2,1389","2,1467","2,1247","","-0,39%"
"25.04.2014","2,1340","2,1356","2,1426","2,1282","","-0,07%"
"24.04.2014","2,1356","2,1500","2,1525","2,1247","","-0,69%"
"23.04.2014","2,1504","2,1419","2,1547","2,1377","","0,42%"
"22.04.2014","2,1415","2,1335","2,1452","2,1292","","0,35%"
"21.04.2014","2,1341","2,1297","2,1407","2,1264","","0,21%"
"18.04.2014","2,1296","2,1291","2,1379","2,1261","","0,15%"
"17.04.2014","2,1265","2,1372","2,1387","2,1196","","-0,44%"
"16.04.2014","2,1360","2,1456","2,1481","2,1296","","-0,32%"
"15.04.2014","2,1428","2,1166","2,1463","2,1128","","1,04%"
"14.04.2014","2,1208","2,1201","2,1390","2,1143","","0,37%"
"11.04.2014","2,1129","2,1092","2,1307","2,1027","","0,17%"
"10.04.2014","2,1093","2,1032","2,1142","2,0885","","0,26%"
"09.04.2014","2,1038","2,0971","2,1257","2,0940","","0,36%"
"08.04.2014","2,0962","2,1104","2,1144","2,0847","","-0,67%"
"07.04.2014","2,1103","2,1145","2,1262","2,1057","","-0,15%"
"04.04.2014","2,1135","2,1341","2,1496","2,1061","","-0,90%"
"03.04.2014","2,1327","2,1307","2,1452","2,1243","","0,24%"
"02.04.2014","2,1276","2,1394","2,1531","2,1193","","-0,48%"
"01.04.2014","2,1378","2,1397","2,1567","2,1323","","-0,14%"
"31.03.2014","2,1407","2,1887","2,1887","2,1316","","-2,29%"
"28.03.2014","2,1909","2,1882","2,2012","2,1829","","0,17%"
"27.03.2014","2,1872","2,1952","2,2045","2,1735","","-0,22%"
"26.03.2014","2,1921","2,2217","2,2279","2,1902","","-1,10%"
"25.03.2014","2,2165","2,2419","2,2460","2,2165","","-0,93%"
"24.03.2014","2,2372","2,2373","2,2470","2,2329","","0,17%"
"21.03.2014","2,2335","2,2301","2,2457","2,2231","","0,18%"
"20.03.2014","2,2294","2,2422","2,2510","2,2261","","-0,48%"
"19.03.2014","2,2401","2,2191","2,2443","2,2142","","0,96%"
"18.03.2014","2,2188","2,2239","2,2359","2,2168","","-0,05%"
"17.03.2014","2,2198","2,2200","2,2311","2,2144","","0,31%"
"14.03.2014","2,2130","2,2341","2,2443","2,2099","","-0,88%"
"13.03.2014","2,2327","2,2331","2,2380","2,2171","","0,02%"
"12.03.2014","2,2323","2,2516","2,2642","2,2323","","-0,64%"
"11.03.2014","2,2466","2,2193","2,2475","2,2112","","1,26%"
"10.03.2014","2,2186","2,2042","2,2252","2,2012","","0,59%"
"07.03.2014","2,2055","2,1805","2,2077","2,1780","","1,16%"
"06.03.2014","2,1803","2,2036","2,2092","2,1748","","-1,03%"
"05.03.2014","2,2031","2,2063","2,2132","2,1982","","-0,15%"
"04.03.2014","2,2065","2,2321","2,2324","2,2022","","-1,15%"
"03.03.2014","2,2321","2,2016","2,2352","2,2016","","1,03%"
"28.02.2014","2,2093","2,2129","2,2247","2,2004","","-0,20%"
"27.02.2014","2,2138","2,2264","2,2477","2,2110","","-0,63%"
"26.02.2014","2,2279","2,2127","2,2548","2,1968","","0,71%"
"25.02.2014","2,2122","2,2058","2,2261","2,1926","","0,46%"
"24.02.2014","2,2021","2,1806","2,2027","2,1688","","1,07%"
"21.02.2014","2,1787","2,2026","2,2075","2,1750","","-1,03%"
"20.02.2014","2,2013","2,2136","2,2213","2,1940","","-0,60%"
"19.02.2014","2,2145","2,1809","2,2166","2,1730","","1,56%"
"18.02.2014","2,1804","2,1810","2,1911","2,1753","","0,17%"
"17.02.2014","2,1767","2,1839","2,1940","2,1750","","-0,20%"
"14.02.2014","2,1810","2,1843","2,1991","2,1757","","-0,21%"
"13.02.2014","2,1856","2,1930","2,2122","2,1847","","-0,32%"
"12.02.2014","2,1926","2,1929","2,2022","2,1772","","-0,03%"
"11.02.2014","2,1932","2,2167","2,2242","2,1915","","-1,10%"
"10.02.2014","2,2176","2,2246","2,2391","2,2092","","-0,10%"
"07.02.2014","2,2199","2,2129","2,2289","2,1889","","0,47%"
"06.02.2014","2,2096","2,2380","2,2387","2,2022","","-1,30%"
"05.02.2014","2,2386","2,2374","2,2534","2,2303","","0,03%"
"04.02.2014","2,2380","2,2830","2,2862","2,2347","","-1,95%"
"03.02.2014","2,2824","2,2545","2,2859","2,2544","","0,96%"
"31.01.2014","2,2607","2,2665","2,2962","2,2402","","-0,38%"
"30.01.2014","2,2693","2,2617","2,3027","2,2397","","0,38%"
"29.01.2014","2,2607","2,2503","2,3197","2,1646","","0,39%"
"28.01.2014","2,2520","2,2853","2,2900","2,2505","","-1,36%"
"27.01.2014","2,2830","2,3334","2,3930","2,2828","","-2,08%"
"24.01.2014","2,3315","2,2934","2,3392","2,2843","","1,69%"
"23.01.2014","2,2928","2,2589","2,3048","2,2575","","1,53%"
"22.01.2014","2,2582","2,2516","2,2687","2,2352","","0,29%"
"21.01.2014","2,2517","2,2410","2,2710","2,2346","","0,51%"
"20.01.2014","2,2403","2,2326","2,2529","2,2306","","0,39%"
"17.01.2014","2,2317","2,2098","2,2355","2,2043","","1,12%"
"16.01.2014","2,2069","2,1923","2,2157","2,1904","","0,71%"
"15.01.2014","2,1913","2,1864","2,2011","2,1831","","0,34%"
"14.01.2014","2,1838","2,1794","2,1989","2,1775","","0,20%"
"13.01.2014","2,1795","2,1644","2,1881","2,1621","","0,67%"
"10.01.2014","2,1650","2,1785","2,1831","2,1570","","-0,60%"
"09.01.2014","2,1780","2,1862","2,1948","2,1768","","-0,35%"
"08.01.2014","2,1856","2,1694","2,1885","2,1607","","0,82%"
"07.01.2014","2,1678","2,1731","2,1842","2,1572","","-0,17%"
"06.01.2014","2,1715","2,1757","2,1955","2,1700","","-0,32%"
"03.01.2014","2,1785","2,1713","2,1835","2,1610","","0,33%"
"02.01.2014","2,1713","2,1481","2,1900","2,1456","","1,07%"
"01.01.2014","2,1483","2,1447","2,1483","2,1447","","0,12%"